player_id,name,team,role,role_P,role_D,role_C,role_A,fvm,qta,ovr,prezzo_cons,titolarita_pct,titolarita,fragility_score,partite_saltate_tot,giorni_stop_tot,disponibilita_pct,recidive_muscolari,is_injured_initial,is_rigorista,is_oop,presenze_2526,mv_2526,fm_2526,xg90_2526,xa90_2526,rating_2526,presenze_2627,starts_2627,minuti_2627,gol_2627,assist_2627,tot_bonus_2627,tot_malus_2627,mv_2627,fm_2627,xg90_2627,xa90_2627,roi_fm_su_prezzo,target_fanta_media,target_gol,target_assist,target_minuti,target_roi_fvm
5585,Malen,Roma,A,0,0,0,1,450.0,38.0,98.0,612.0,92.0,92.0,5.0,0,0,100.0,0,0,1,0,18,6.72,8.97,0.57,0.05,6.5,4,4,262,6,0,18.0,0.5,7.38,11.75,1.48,0.07,0.0192,11.75,6,0,262,0.0192
2764,Martinez L.,Inter,A,0,0,0,1,361.0,33.0,98.0,555.0,92.0,92.0,39.5,5,42,86.8,1,0,1,0,30,6.42,8.25,0.56,0.11,7.47,3,3,255,2,0,6.0,1.0,6.33,8.0,1.18,0.07,0.0144,8.0,2,0,255,0.0144
6052,Hojlund,Napoli,A,0,0,0,1,260.0,28.0,98.0,455.0,92.0,92.0,18.5,3,20,92.1,0,0,1,0,33,6.21,7.44,0.35,0.09,6.83,4,4,318,2,0,6.0,0.0,6.25,7.75,0.21,0.01,0.017,7.75,2,0,318,0.017
6397,Ramos G.,Milan,A,0,0,0,1,237.0,27.0,98.0,397.0,92.0,92.0,5.0,0,0,100.0,0,0,1,0,0,6.0,6.0,0.62,0.1,6.7,4,4,380,1,0,3.0,0.0,5.88,6.62,0.39,0.02,0.0167,6.62,1,0,380,0.0167
4871,Thuram,Inter,A,0,0,0,1,249.0,28.0,95.0,295.0,80.0,80.0,60.5,9,221,76.3,0,0,0,0,29,6.43,7.95,0.44,0.12,7.28,3,1,155,2,1,7.0,0.0,6.67,9.0,1.25,0.07,0.0305,9.0,2,1,155,0.0305
5951,Kolo Muani,Juventus,A,0,0,0,1,165.0,25.0,95.0,267.0,88.0,88.0,45.5,9,61,76.3,0,0,1,0,0,6.0,6.0,0.12,0.1,6.3,4,4,399,0,1,1.0,0.0,5.12,5.38,0.39,0.05,0.0201,5.38,0,1,399,0.0201
2097,Kean,Como,A,0,0,0,1,183.0,24.0,94.0,255.0,75.0,75.0,50.0,11,75,71.1,0,0,1,0,26,5.88,6.77,0.66,0.01,6.79,2,1,94,0,1,1.0,0.0,6.0,6.33,0.24,0.12,0.0248,6.33,0,1,94,0.0248
7017,Douvikas,Como,A,0,0,0,1,185.0,22.0,93.0,214.0,78.0,78.0,5.0,0,0,100.0,0,0,0,0,38,6.17,7.3,0.48,0.06,6.82,4,3,298,2,0,6.0,0.0,6.25,7.75,0.62,0.06,0.0362,7.75,2,0,298,0.0362
309,Dybala,Roma,A,0,0,0,1,100.0,16.0,90.0,120.0,92.0,92.0,62.0,14,108,63.2,1,0,1,0,22,6.25,6.7,0.32,0.34,7.09,4,4,331,0,4,4.0,0.0,7.12,8.12,0.41,0.78,0.0677,8.12,0,4,331,0.0677
2137,Scamacca,Atalanta,A,0,0,0,1,110.0,19.0,88.0,135.0,88.0,88.0,32.0,6,50,84.2,0,0,1,0,24,6.17,7.42,0.46,0.06,6.93,4,4,247,1,0,3.0,0.0,6.12,6.88,0.09,0.17,0.051,6.88,1,0,247,0.051
6752,Woltemade,Juventus,A,0,0,0,1,160.0,23.0,87.0,155.0,35.0,35.0,5.0,0,0,100.0,0,0,0,0,0,6.0,6.0,0.0,0.0,6.5,2,0,56,0,0,0.0,0.0,5.75,5.75,,,0.0371,5.75,0,0,56,0.0371
531,Berardi,Sassuolo,A,0,0,0,1,106.0,19.0,87.0,117.0,50.0,50.0,50.0,10,83,73.7,0,0,1,0,26,6.31,7.19,0.27,0.15,7.13,3,1,158,1,0,3.0,0.0,6.33,7.33,0.35,0.1,0.0626,7.33,1,0,158,0.0626
5637,Davis K.,Udinese,A,0,0,0,1,108.0,19.0,86.0,141.0,92.0,92.0,48.5,7,53,81.6,1,0,1,0,30,6.32,7.37,0.44,0.1,6.96,3,3,233,0,2,2.0,0.5,6.5,7.0,0.15,0.17,0.0496,7.0,0,2,233,0.0496
7071,Esposito F.P.,Inter,A,0,0,0,1,105.0,17.0,85.0,99.0,88.0,88.0,9.5,1,6,97.4,0,0,0,0,35,6.23,6.9,0.43,0.08,6.78,4,4,308,2,1,7.0,0.0,6.75,8.5,0.67,0.08,0.0859,8.5,2,1,308,0.0859
6060,Laurientè,Sassuolo,A,0,0,0,1,83.0,15.0,85.0,73.0,92.0,92.0,5.0,0,0,100.0,0,0,1,0,38,6.22,6.96,0.13,0.16,6.96,4,4,391,0,1,1.0,0.5,6.38,6.5,0.27,0.22,0.089,6.5,0,1,391,0.089
2061,Simeone,Torino,A,0,0,0,1,80.0,14.0,83.0,76.0,78.0,78.0,23.0,4,26,89.5,0,0,1,0,32,6.08,7.09,0.4,0.03,6.81,4,3,268,0,0,0.0,0.0,5.62,5.62,0.37,0.02,0.0739,5.62,0,0,268,0.0739
5995,De Ketelaere,Atalanta,A,0,0,0,1,95.0,17.0,83.0,72.0,85.0,85.0,32.0,6,54,84.2,0,0,0,0,31,6.21,6.6,0.15,0.36,7.12,4,3,287,0,0,0.0,0.0,5.62,5.62,0.02,0.11,0.0781,5.62,0,0,287,0.0781
6435,Krstovic,Atalanta,A,0,0,0,1,98.0,18.0,81.0,77.0,25.0,25.0,5.0,0,0,100.0,0,0,0,0,33,6.15,7.15,0.71,0.11,7.03,4,0,146,1,0,3.0,0.5,5.75,6.38,0.51,0.06,0.0829,6.38,1,0,146,0.0829
6572,Castro S.,Roma,A,0,0,0,1,70.0,14.0,79.0,44.0,50.0,50.0,5.0,0,0,100.0,0,0,0,0,35,5.93,6.51,0.28,0.03,6.72,4,0,128,0,0,0.0,0.0,6.0,6.0,0.6,0.13,0.1364,6.0,0,0,128,0.1364
6434,Yildiz,Juventus,A,0,0,0,1,100.0,22.0,78.0,39.0,65.0,65.0,38.0,4,201,89.5,0,1,0,0,36,6.38,7.26,0.26,0.31,7.5,1,1,73,0,0,0.0,0.0,5.5,5.5,,,0.141,5.5,0,0,73,0.141
5734,Soulè,Roma,A,0,0,0,1,48.0,13.0,78.0,36.0,78.0,78.0,27.5,5,30,86.8,0,0,0,0,33,6.12,6.8,0.17,0.18,7.08,4,2,204,2,1,7.0,0.0,6.62,8.38,0.79,0.16,0.2328,8.38,2,1,204,0.2328
4371,Raspadori,Atalanta,A,0,0,0,1,73.0,14.0,77.0,49.0,60.0,60.0,23.0,4,28,89.5,0,0,0,0,13,6.12,6.88,0.0,0.0,6.5,3,2,160,1,0,3.0,0.0,6.17,7.17,0.23,0.19,0.1463,7.17,1,0,160,0.1463
4923,Colombo,Genoa,A,0,0,0,1,52.0,11.0,77.0,37.0,88.0,88.0,5.0,0,0,100.0,0,0,0,0,38,5.92,6.39,0.32,0.05,6.46,4,4,318,0,1,1.0,3.0,5.75,5.25,0.28,0.17,0.1419,5.25,0,1,318,0.1419
2038,Pinamonti,Lazio,A,0,0,0,1,53.0,12.0,77.0,35.0,92.0,92.0,9.5,1,6,97.4,0,0,0,0,36,5.89,6.58,0.31,0.04,6.55,3,1,111,0,0,0.0,0.0,5.5,5.5,0.06,0.0,0.1571,5.5,0,0,111,0.1571
7023,Pellegrino M.,Fiorentina,A,0,0,0,1,40.0,14.0,77.0,35.0,78.0,78.0,33.5,3,180,92.1,0,0,1,0,37,5.99,6.65,0.26,0.03,6.63,4,3,309,2,0,6.0,0.5,5.75,7.12,0.22,0.04,0.2034,7.12,2,0,309,0.2034
6675,Dovbyk,Bologna,A,0,0,0,1,51.0,15.0,76.0,38.0,50.0,50.0,62.0,22,154,42.1,1,0,1,0,14,6.0,6.71,0.0,0.0,6.5,3,0,106,1,0,3.0,0.5,5.83,6.67,,,0.1755,6.67,1,0,106,0.1755
6967,Diao,Como,A,0,0,0,1,50.0,12.0,76.0,34.0,78.0,78.0,50.0,20,133,47.4,0,0,0,0,17,6.0,6.35,0.0,0.0,6.5,4,3,262,2,1,7.0,0.0,6.62,8.38,0.19,0.18,0.2465,8.38,2,1,262,0.2465
5436,Raimondo,Frosinone,A,0,0,0,1,27.0,9.0,76.0,30.0,92.0,92.0,5.0,0,0,100.0,0,0,1,0,0,6.0,6.0,0.0,0.0,6.5,4,4,354,4,0,12.0,0.5,6.75,9.62,0.48,0.02,0.3207,9.62,4,0,354,0.3207
7484,Adams A.,Venezia,A,0,0,0,1,35.0,11.0,76.0,25.0,92.0,92.0,14.0,2,12,94.7,0,0,1,0,0,6.0,6.0,0.0,0.0,6.5,4,4,367,1,0,3.0,0.0,5.75,6.5,0.3,0.01,0.26,6.5,1,0,367,0.26
7523,Varela G.,Monza,A,0,0,0,1,40.0,7.0,75.0,26.0,92.0,92.0,33.5,3,30,92.1,0,1,1,0,0,6.0,6.0,0.44,0.03,6.55,3,3,259,2,0,6.0,0.0,6.67,8.67,0.43,0.04,0.3335,8.67,2,0,259,0.3335
5694,Beto,Fiorentina,A,0,0,0,1,50.0,14.0,74.0,25.0,40.0,40.0,5.0,0,0,100.0,0,0,0,0,0,6.0,6.0,0.0,0.0,6.5,2,1,81,0,0,0.0,0.0,5.75,5.75,,,0.23,5.75,0,0,81,0.23
7351,Santos A.,Napoli,A,0,0,0,1,61.0,14.0,74.0,22.0,50.0,50.0,33.5,3,30,92.1,0,1,0,0,14,6.32,7.14,0.35,0.64,6.5,0,0,0,0,0,0.0,0.0,6.0,6.0,0.11,0.13,0.2727,6.0,0,0,0,0.2727
7554,Romero D.,Parma,A,0,0,0,1,37.0,10.0,73.0,24.0,55.0,55.0,50.0,13,78,65.8,0,0,1,0,0,6.0,6.0,0.02,0.06,7.18,3,1,124,1,0,3.0,0.0,6.33,7.33,0.65,0.01,0.3054,7.33,1,0,124,0.3054
7347,Bowie,Sassuolo,A,0,0,0,1,32.0,9.0,73.0,19.0,85.0,85.0,9.5,1,14,97.4,0,0,0,0,14,5.96,6.79,0.0,0.0,6.5,4,3,289,1,0,3.0,0.0,6.25,7.0,0.55,0.06,0.3684,7.0,1,0,289,0.3684
6204,Kvernadze,Frosinone,A,0,0,0,1,24.0,6.0,73.0,14.0,88.0,88.0,5.0,0,0,100.0,0,0,0,0,0,6.0,6.0,0.0,0.0,6.5,4,4,395,2,1,7.0,0.0,6.88,8.62,0.26,0.14,0.6157,8.62,2,1,395,0.6157
7547,Kevin Carlos,Cagliari,A,0,0,0,1,36.0,12.0,72.0,18.0,50.0,50.0,5.0,0,0,100.0,0,0,0,0,0,6.0,6.0,0.19,0.03,6.12,2,0,56,0,0,0.0,0.5,5.75,5.5,,,0.3056,5.5,0,0,56,0.3056
4896,Maldini,Cagliari,A,0,0,0,1,21.0,5.0,72.0,13.0,92.0,92.0,14.0,2,42,94.7,0,0,1,0,0,6.0,6.0,0.31,0.1,6.5,4,4,319,2,0,3.0,0.0,6.38,7.12,0.48,0.09,0.5477,7.12,2,0,319,0.5477
4463,Esposito Se.,Sassuolo,A,0,0,0,1,40.0,12.0,71.0,20.0,15.0,15.0,27.5,5,30,86.8,0,0,0,0,36,6.26,6.88,0.17,0.15,7.14,1,1,72,1,0,3.0,0.0,7.5,10.5,,,0.525,10.5,1,0,72,0.525
6904,Yeboah J.,Venezia,A,0,0,0,1,27.0,9.0,71.0,14.0,92.0,92.0,9.5,1,21,97.4,0,0,1,0,0,6.0,6.0,0.0,0.0,6.5,4,3,316,1,0,3.0,0.0,6.25,7.0,0.3,0.15,0.5,7.0,1,0,316,0.5
6229,Tourè E.,Parma,A,0,0,0,1,37.0,10.0,70.0,13.0,88.0,88.0,50.0,10,60,73.7,0,0,0,0,0,6.0,6.0,0.0,0.0,6.5,4,4,339,0,0,0.0,0.0,5.62,5.62,0.11,0.01,0.4323,5.62,0,0,339,0.4323
4359,Piccoli,Bologna,A,0,0,0,1,29.0,8.0,70.0,13.0,88.0,88.0,14.0,2,12,94.7,0,0,0,0,32,5.81,6.2,0.35,0.05,6.46,4,4,286,1,0,3.0,0.5,5.75,6.38,0.29,0.02,0.4908,6.38,1,0,286,0.4908
6646,Adams C.,Torino,A,0,0,0,1,33.0,10.0,69.0,17.0,15.0,15.0,30.5,3,34,92.1,1,0,0,0,33,5.98,6.62,0.27,0.1,6.69,3,2,210,2,0,6.0,0.0,6.67,8.67,0.38,0.13,0.51,8.67,2,0,210,0.51
7612,Bobcek,Frosinone,A,0,0,0,1,31.0,9.0,69.0,11.0,15.0,15.0,14.0,2,14,94.7,0,0,0,0,0,6.0,6.0,0.0,0.0,6.5,1,0,24,0,0,0.0,0.0,6.0,6.0,,,0.5455,6.0,0,0,24,0.5455
7623,Gnonto,Fiorentina,A,0,0,0,1,25.0,7.0,68.0,7.0,45.0,45.0,5.0,0,0,100.0,0,0,0,0,0,6.0,6.0,0.0,0.0,6.5,2,0,85,0,0,0.0,0.0,5.75,5.75,,,0.8214,5.75,0,0,85,0.8214
5029,Geubbels,Lecce,A,0,0,0,1,23.0,8.0,68.0,6.0,50.0,50.0,5.0,0,0,100.0,0,0,1,0,0,6.0,6.0,0.51,0.06,6.48,2,2,133,0,0,0.0,0.0,5.25,5.25,0.3,0.03,0.875,5.25,0,0,133,0.875
7600,Osmajic,Genoa,A,0,0,0,1,28.0,8.0,67.0,11.0,35.0,35.0,5.0,0,0,100.0,0,0,0,0,0,6.0,6.0,0.42,0.04,6.59,3,2,228,1,0,3.0,0.0,5.67,6.67,0.23,0.01,0.6064,6.67,1,0,228,0.6064
2832,Boga,Juventus,A,0,0,0,1,27.0,7.0,66.0,5.0,25.0,25.0,33.5,3,30,92.1,0,1,0,0,15,6.17,7.0,0.0,0.0,6.5,3,1,125,0,0,0.0,0.0,5.83,5.83,0.03,0.4,1.166,5.83,0,0,125,1.166
2155,Cutrone,Monza,A,0,0,0,1,23.0,9.0,66.0,5.0,45.0,45.0,5.0,0,0,100.0,0,0,0,0,15,5.73,5.93,0.0,0.0,6.5,3,1,153,0,0,0.0,0.0,6.0,6.0,0.41,0.1,1.2,6.0,0,0,153,1.2
6530,Ghedjemis,Frosinone,A,0,0,0,1,23.0,8.0,66.0,1.0,45.0,45.0,5.0,0,0,100.0,0,0,0,0,0,6.0,6.0,0.0,0.0,6.5,2,1,117,0,0,0.0,0.0,6.25,6.25,0.23,0.09,6.25,6.25,0,0,117,6.25
7252,Stulic,Lecce,A,0,0,0,1,11.0,6.0,64.0,1.0,78.0,78.0,5.0,0,0,100.0,0,0,1,0,34,5.76,6.1,0.0,0.0,6.5,4,2,240,0,0,0.0,0.0,5.5,5.5,0.43,0.05,5.5,5.5,0,0,240,5.5
6831,Neres,Napoli,A,0,0,0,1,20.0,6.0,64.0,1.0,15.0,15.0,50.0,21,175,44.7,0,0,0,0,16,6.19,6.84,0.0,0.0,6.5,2,0,54,0,0,0.0,0.0,5.75,5.75,,,5.75,5.75,0,0,54,5.75
6519,Camarda,Milan,A,0,0,0,1,20.0,4.0,64.0,1.0,45.0,45.0,50.0,15,120,60.5,0,0,0,0,21,5.71,5.69,0.25,0.08,6.03,1,0,10,0,0,0.0,0.0,6.0,6.0,,,6.0,6.0,0,0,10,6.0
7620,Zeballos,Monza,A,0,0,0,1,18.0,6.0,63.0,1.0,30.0,30.0,5.0,0,0,100.0,0,0,0,0,0,6.0,6.0,0.0,0.0,6.5,1,0,31,1,0,3.0,0.0,6.5,9.5,,,9.5,9.5,1,0,31,9.5
6669,Bonny,Inter,A,0,0,0,1,15.0,7.0,63.0,1.0,20.0,20.0,18.5,3,27,92.1,0,0,0,0,33,6.12,6.68,0.3,0.15,6.51,3,0,85,1,0,3.0,0.0,6.33,7.33,,,7.33,7.33,1,0,85,7.33
6164,Vitinha O.,Genoa,A,0,0,0,1,13.0,8.0,61.0,1.0,78.0,78.0,5.0,0,0,100.0,0,0,1,0,35,5.96,6.34,0.04,0.16,7.55,4,2,238,0,0,0.0,0.0,5.62,5.62,0.15,0.02,5.62,5.62,0,0,238,5.62
7120,Lang,Napoli,A,0,0,0,1,14.0,4.0,61.0,1.0,50.0,50.0,5.0,0,0,100.0,0,0,0,0,18,6.03,6.25,0.0,0.0,6.5,3,1,142,0,0,0.0,0.0,5.83,5.83,0.22,0.19,5.83,5.83,0,0,142,5.83
6145,Ngonge,Monza,A,0,0,0,1,13.0,5.0,60.0,1.0,35.0,35.0,9.5,1,6,97.4,0,0,0,0,20,5.85,6.0,0.0,0.0,6.5,0,0,0,0,0,0.0,0.0,,,,,,,0,0,0,
7374,Mendy P.,Cagliari,A,0,0,0,1,12.0,4.0,59.0,1.0,88.0,88.0,5.0,0,0,100.0,0,0,0,0,9,5.94,6.56,0.0,0.0,6.5,4,4,286,1,0,3.0,0.0,6.25,7.0,0.3,0.01,7.0,7.0,1,0,286,7.0
7602,Fatah,Lecce,A,0,0,0,1,14.0,4.0,59.0,1.0,50.0,50.0,27.5,5,35,86.8,0,0,0,0,0,6.0,6.0,0.0,0.0,6.5,3,0,98,0,0,0.0,0.0,5.67,5.67,,,5.67,5.67,0,0,98,5.67
7449,Rrahmani Al.,Venezia,A,0,0,0,1,13.0,7.0,59.0,1.0,35.0,35.0,9.5,1,6,97.4,0,0,0,0,0,6.0,6.0,0.0,0.0,6.5,3,1,74,0,0,0.0,0.0,5.83,5.83,,,5.83,5.83,0,0,74,5.83
7001,N'Dri,Lecce,A,0,0,0,1,12.0,4.0,59.0,1.0,78.0,78.0,5.0,0,0,100.0,0,0,0,0,27,5.89,6.06,0.18,0.08,6.16,4,3,206,0,0,0.0,0.5,5.88,5.75,0.04,0.02,5.75,5.75,0,0,206,5.75
6215,Lucca,Napoli,A,0,0,0,1,12.0,4.0,59.0,1.0,35.0,35.0,9.5,1,6,97.4,0,0,0,0,16,5.84,6.0,0.0,0.0,6.5,4,0,82,0,0,0.0,0.0,5.88,5.88,,,5.88,5.88,0,0,82,5.88
7561,Lontani,Parma,A,0,0,0,1,11.0,3.0,57.0,1.0,78.0,78.0,27.5,5,40,86.8,0,0,0,0,0,6.0,6.0,0.0,0.0,6.5,4,3,267,1,0,3.0,0.0,6.38,7.12,0.19,0.03,7.12,7.12,1,0,267,7.12
6556,Noslin,Lazio,A,0,0,0,1,8.0,6.0,57.0,1.0,35.0,35.0,5.0,0,0,100.0,0,0,0,0,29,6.02,6.4,0.38,0.08,6.62,3,1,124,1,0,3.0,0.0,6.33,7.33,0.84,0.11,7.33,7.33,1,0,124,7.33
608,Zapata D.,Torino,A,0,0,0,1,12.0,6.0,57.0,1.0,35.0,35.0,23.0,4,27,89.5,0,0,0,0,28,5.86,6.11,0.32,0.09,6.43,2,0,26,0,0,0.0,0.0,5.75,5.75,,,5.75,5.75,0,0,26,5.75
7610,Birligea,Frosinone,A,0,0,0,1,11.0,5.0,57.0,1.0,35.0,35.0,50.0,21,136,44.7,0,0,0,0,0,6.0,6.0,0.0,0.0,6.5,2,0,26,0,0,0.0,0.0,6.0,6.0,,,6.0,6.0,0,0,26,6.0
2012,Milik,Juventus,A,0,0,0,1,10.0,4.0,57.0,1.0,35.0,35.0,62.0,30,195,21.1,1,0,0,0,2,6.0,6.0,0.0,0.0,6.5,0,0,0,0,0,0.0,0.0,,,,,,,0,0,0,
5336,Nzola,Cagliari,A,0,0,0,1,10.0,4.0,56.0,1.0,35.0,35.0,5.0,0,0,100.0,0,0,0,0,30,5.97,6.23,0.0,0.0,6.5,0,0,0,0,0,0.0,0.0,,,,,,,0,0,0,
7342,Elphege,Parma,A,0,0,0,1,11.0,3.0,56.0,1.0,15.0,15.0,9.5,1,14,97.4,0,0,0,0,9,6.0,6.78,0.0,0.0,6.5,3,1,93,0,0,0.0,0.0,5.67,5.67,,,5.67,5.67,0,0,93,5.67
5882,Mota,Monza,A,0,0,0,1,8.0,4.0,56.0,1.0,35.0,35.0,5.0,0,0,100.0,0,0,0,0,26,5.67,5.48,0.0,0.0,6.5,2,1,76,0,0,0.0,0.0,6.0,6.0,,,6.0,6.0,0,0,76,6.0
7349,Kulenovic,Torino,A,0,0,0,1,9.0,4.0,55.0,1.0,35.0,35.0,5.0,0,0,100.0,0,0,0,0,13,5.85,5.85,0.0,0.0,6.5,2,0,33,0,0,0.0,0.0,5.75,5.75,,,5.75,5.75,0,0,33,5.75
7272,Gueye,Udinese,A,0,0,0,1,7.0,4.0,54.0,1.0,25.0,25.0,5.0,0,0,100.0,0,0,0,0,19,5.84,5.95,0.0,0.0,6.5,3,1,136,1,0,3.0,0.0,6.0,7.0,0.48,0.02,7.0,7.0,1,0,136,7.0
7546,Robinson J.,Monza,A,0,0,0,1,5.0,4.0,54.0,1.0,25.0,25.0,5.0,0,0,100.0,0,0,0,0,0,6.0,6.0,0.31,0.08,6.5,3,2,161,1,0,3.0,0.0,6.5,7.5,0.28,0.02,7.5,7.5,1,0,161,7.5
7162,Giovane,Napoli,A,0,0,0,1,7.0,4.0,54.0,1.0,25.0,25.0,33.5,3,30,92.1,0,1,0,0,33,6.0,6.42,0.18,0.09,6.52,0,0,0,0,0,0.0,0.0,,,,,,,0,0,0,
6822,Ekhator,Juventus,A,0,0,0,1,10.0,3.0,53.0,1.0,35.0,35.0,38.0,4,36,89.5,0,1,0,0,30,5.97,6.22,0.28,0.04,6.32,0,0,0,0,0,0.0,0.0,,,,,,,0,0,0,
7627,Enem,Bologna,A,0,0,0,1,4.0,2.0,53.0,1.0,25.0,25.0,5.0,0,0,100.0,0,0,0,0,0,6.0,6.0,0.0,0.0,6.5,1,0,14,0,0,0.0,0.0,6.0,6.0,,,6.0,6.0,0,0,14,6.0
5918,Sulemana K.,Atalanta,A,0,0,0,1,8.0,6.0,52.0,1.0,35.0,35.0,51.5,7,56,81.6,0,1,0,0,25,6.0,6.2,0.21,0.19,6.6,0,0,0,0,0,0.0,0.0,,,,,,,0,0,0,
4387,Adorante,Venezia,A,0,0,0,1,8.0,4.0,52.0,1.0,35.0,35.0,33.5,3,180,92.1,0,1,0,0,0,6.0,6.0,0.0,0.0,6.5,0,0,0,0,0,0.0,0.0,,,,,,,0,0,0,
7161,Bayo V.,Udinese,A,0,0,0,1,3.0,1.0,51.0,1.0,25.0,25.0,23.0,4,27,89.5,0,0,0,0,15,5.8,5.87,0.0,0.0,6.5,3,0,91,0,1,1.0,0.5,5.5,5.33,,,5.33,5.33,0,1,91,5.33
7213,Frigan,Parma,A,0,0,0,1,6.0,4.0,51.0,1.0,25.0,25.0,70.0,38,468,10.0,0,0,0,0,0,6.0,6.0,0.0,0.0,6.5,2,0,90,0,0,0.0,0.0,5.5,5.5,,,5.5,5.5,0,0,90,5.5
7453,Havel,Genoa,A,0,0,0,1,5.0,4.0,51.0,1.0,25.0,25.0,42.5,5,42,86.8,0,1,0,0,0,6.0,6.0,0.0,0.0,6.5,0,0,0,0,0,0.0,0.0,,,,,,,0,0,0,
7622,Robinho Junior,Genoa,A,0,0,0,1,3.0,1.0,51.0,1.0,25.0,25.0,5.0,0,0,100.0,0,0,0,0,0,6.0,6.0,0.0,0.0,6.5,0,0,0,0,0,0.0,0.0,,,,,,,0,0,0,
7317,Trepy,Cagliari,A,0,0,0,1,2.0,1.0,50.0,1.0,25.0,25.0,33.5,3,30,92.1,0,1,0,0,8,6.06,6.44,0.0,0.0,6.5,0,0,0,0,0,0.0,0.0,,,,,,,0,0,0,
7408,Lisman,Venezia,A,0,0,0,1,1.0,1.0,50.0,1.0,25.0,25.0,5.0,0,0,100.0,0,0,0,0,0,6.0,6.0,0.0,0.0,6.5,0,0,0,0,0,0.0,0.0,,,,,,,0,0,0,
7482,Lauberbach,Venezia,A,0,0,0,1,1.0,1.0,50.0,1.0,25.0,25.0,5.0,0,0,100.0,0,0,0,0,0,6.0,6.0,0.43,0.05,6.89,3,0,58,0,0,0.0,0.0,5.83,5.83,,,5.83,5.83,0,0,58,5.83
7568,De Martis,Parma,A,0,0,0,1,1.0,1.0,50.0,1.0,25.0,25.0,5.0,0,0,100.0,0,0,0,0,0,6.0,6.0,0.0,0.0,6.5,0,0,0,0,0,0.0,0.0,,,,,,,0,0,0,
6875,Paz N.,Como,C,0,0,1,0,245.0,29.0,98.0,185.0,92.0,92.0,9.5,1,21,97.4,0,0,1,1,35,6.37,7.3,0.27,0.14,7.67,4,4,340,1,1,4.0,0.0,6.25,7.25,0.33,0.12,0.0392,7.25,1,1,340,0.0392
2194,Calhanoglu,Inter,C,0,0,1,0,243.0,28.0,98.0,137.0,80.0,80.0,69.5,9,75,76.3,2,0,1,0,22,6.52,7.64,0.31,0.19,7.8,3,2,150,2,0,6.0,0.5,6.67,8.5,0.07,0.17,0.062,8.5,2,0,150,0.062
2167,Orsolini,Bologna,C,0,0,1,0,177.0,25.0,98.0,118.0,85.0,85.0,38.0,4,36,89.5,0,1,1,1,35,6.06,6.74,0.41,0.05,7.02,2,1,86,0,0,0.0,0.0,5.75,5.75,,,0.0487,5.75,0,0,86,0.0487
2423,Pulisic,Milan,C,0,0,1,0,150.0,24.0,98.0,114.0,50.0,50.0,60.5,7,62,81.6,2,0,1,1,30,6.13,6.97,0.45,0.23,7.11,1,0,50,0,1,1.0,0.5,6.5,7.0,,,0.0614,7.0,0,1,50,0.0614
4777,McTominay,Napoli,C,0,0,1,0,220.0,27.0,96.0,90.0,92.0,92.0,56.0,8,78,78.9,0,1,0,1,33,6.39,7.26,0.35,0.05,7.3,2,2,157,0,0,0.0,0.0,5.75,5.75,0.19,0.01,0.0639,5.75,0,0,157,0.0639
2379,Rabiot,Milan,C,0,0,1,0,145.0,23.0,96.0,88.0,92.0,92.0,27.5,5,35,86.8,0,0,0,1,29,6.33,6.98,0.0,0.0,6.5,4,2,237,1,2,5.0,0.0,6.25,7.5,0.21,0.05,0.0852,7.5,1,2,237,0.0852
2517,De Bruyne,Napoli,C,0,0,1,0,108.0,17.0,94.0,74.0,65.0,65.0,50.0,20,139,47.4,0,0,1,1,18,6.25,7.17,0.0,0.0,6.5,4,1,199,1,1,4.0,0.0,6.62,7.62,0.27,0.5,0.103,7.62,1,1,199,0.103
7126,Baturina,Como,C,0,0,1,0,105.0,20.0,93.0,61.0,88.0,88.0,9.5,1,21,97.4,0,0,0,1,29,6.26,6.98,0.11,0.27,7.24,4,4,235,2,0,6.0,0.5,6.5,7.88,0.22,0.34,0.1292,7.88,2,0,235,0.1292
632,Zaccagni,Lazio,C,0,0,1,0,87.0,16.0,92.0,58.0,92.0,92.0,70.5,9,68,76.3,3,0,1,1,26,5.88,5.96,0.17,0.12,7.0,4,4,396,0,2,2.0,1.0,6.25,6.5,0.32,0.32,0.1121,6.5,0,2,396,0.1121
7556,Mora,Roma,C,0,0,1,0,100.0,20.0,90.0,49.0,78.0,78.0,41.0,8,48,78.9,0,0,0,1,0,6.0,6.0,0.21,0.29,6.81,4,2,188,1,0,3.0,0.0,6.38,7.12,0.58,0.38,0.1453,7.12,1,0,188,0.1453
5559,Da Cunha,Como,C,0,0,1,0,87.0,18.0,87.0,38.0,78.0,78.0,5.0,0,0,100.0,0,0,0,1,36,6.33,6.89,0.22,0.17,7.33,4,3,283,0,0,0.0,0.0,6.38,6.38,0.08,0.13,0.1679,6.38,0,0,283,0.1679
7078,Mastantuono,Fiorentina,C,0,0,1,0,50.0,11.0,87.0,38.0,92.0,92.0,36.5,7,44,81.6,0,0,1,1,0,6.0,6.0,0.27,0.2,6.71,4,4,304,3,0,9.0,0.0,6.12,8.38,0.67,0.14,0.2205,8.38,3,0,304,0.2205
1870,Barella,Inter,C,0,0,1,0,81.0,18.0,86.0,37.0,92.0,92.0,14.0,2,14,94.7,0,0,0,0,34,6.28,6.71,0.11,0.24,7.44,4,4,390,1,1,4.0,0.0,6.5,7.5,0.11,0.2,0.2027,7.5,1,1,390,0.2027
6884,Conceicao,Juventus,C,0,0,1,0,68.0,13.0,86.0,33.0,88.0,88.0,39.5,5,35,86.8,1,0,0,1,31,6.27,6.68,0.33,0.22,7.21,4,4,306,0,1,1.0,0.0,6.25,6.5,0.3,0.29,0.197,6.5,0,1,306,0.197
2848,Frattesi,Lazio,C,0,0,1,0,75.0,10.0,85.0,44.0,92.0,92.0,14.0,2,12,94.7,0,0,0,1,22,5.93,5.93,0.35,0.03,6.5,4,3,327,3,0,9.0,0.0,6.88,9.12,0.46,0.25,0.2073,9.12,3,0,327,0.2073
2766,Zaniolo,Udinese,C,0,0,1,0,80.0,18.0,85.0,34.0,85.0,85.0,51.5,7,54,81.6,0,1,1,1,32,6.25,6.75,0.22,0.15,6.87,1,1,94,0,0,0.0,0.0,6.5,6.5,,,0.1912,6.5,0,0,94,0.1912
6908,Atta,Fiorentina,C,0,0,1,0,78.0,15.0,85.0,34.0,92.0,92.0,44.0,6,49,84.2,1,0,0,1,32,6.36,6.88,0.14,0.08,6.99,4,3,287,0,0,0.0,0.0,5.38,5.38,0.39,0.13,0.1582,5.38,0,0,287,0.1582
5687,Vlasic,Torino,C,0,0,1,0,73.0,13.0,84.0,32.0,88.0,88.0,5.0,0,0,100.0,0,0,0,1,37,6.03,6.66,0.21,0.1,7.18,4,4,389,0,0,0.0,0.0,5.38,5.38,0.09,0.03,0.1681,5.38,0,0,389,0.1681
6684,Ekkelenkamp,Udinese,C,0,0,1,0,57.0,12.0,82.0,29.0,92.0,92.0,18.5,3,18,92.1,0,0,0,1,31,6.05,6.61,0.2,0.07,6.93,4,4,368,2,1,7.0,0.0,6.5,8.25,0.19,0.07,0.2845,8.25,2,1,368,0.2845
4973,McKennie,Juventus,C,0,0,1,0,70.0,17.0,81.0,23.0,25.0,25.0,33.5,3,30,92.1,0,1,0,1,36,6.12,6.64,0.24,0.19,7.22,1,1,103,0,0,0.0,0.0,6.0,6.0,,,0.2609,6.0,0,0,103,0.2609
6372,Moreira,Milan,C,0,0,1,0,45.0,11.0,79.0,21.0,50.0,50.0,5.0,0,0,100.0,0,0,0,1,0,6.0,6.0,0.14,0.32,7.17,2,1,114,2,0,6.0,0.0,6.5,9.5,0.23,0.1,0.4524,9.5,2,0,114,0.4524
7314,Taylor K.,Lazio,C,0,0,1,0,53.0,13.0,79.0,18.0,92.0,92.0,5.0,0,0,100.0,0,0,0,1,17,6.06,6.56,0.0,0.0,6.5,4,4,380,0,0,0.0,0.0,6.0,6.0,0.02,0.11,0.3333,6.0,0,0,380,0.3333
5800,Gudmundsson A.,Lazio,C,0,0,1,0,40.0,12.0,79.0,18.0,50.0,50.0,14.0,2,21,94.7,0,0,1,1,33,5.88,6.33,0.22,0.1,6.71,2,0,38,1,0,3.0,0.5,5.83,6.67,0.48,0.8,0.3706,6.67,1,0,38,0.3706
7625,Goncalves P.,Fiorentina,C,0,0,1,0,50.0,12.0,79.0,18.0,50.0,50.0,5.0,0,0,100.0,0,0,0,1,0,6.0,6.0,0.0,0.0,6.5,2,0,31,0,0,0.0,0.0,6.0,6.0,,,0.3333,6.0,0,0,31,0.3333
4179,Gonzalez N.,Juventus,C,0,0,1,0,45.0,12.0,78.0,17.0,75.0,75.0,5.0,0,0,100.0,0,0,0,1,2,6.0,6.0,0.0,0.0,6.5,3,2,168,1,0,3.0,0.0,6.83,7.83,0.18,0.17,0.4606,7.83,1,0,168,0.4606
152,Zielinski,Inter,C,0,0,1,0,45.0,12.0,78.0,15.0,78.0,78.0,5.0,0,0,100.0,0,0,0,0,34,6.22,6.71,0.11,0.14,7.23,4,3,274,1,1,4.0,0.0,6.75,7.75,0.13,0.13,0.5167,7.75,1,1,274,0.5167
536,Politano,Napoli,C,0,0,1,0,37.0,9.0,78.0,15.0,88.0,88.0,18.5,3,21,92.1,0,0,0,1,34,6.09,6.35,0.1,0.2,6.96,4,4,284,1,0,3.0,0.5,5.75,6.38,0.19,0.16,0.4253,6.38,1,0,284,0.4253
2606,Modric,Milan,C,0,0,1,0,45.0,12.0,78.0,11.0,78.0,78.0,14.0,2,12,94.7,0,0,0,0,34,6.44,6.65,0.05,0.15,7.58,4,3,249,0,0,0.0,0.0,5.88,5.88,,0.19,0.5345,5.88,0,0,249,0.5345
1850,Kessiè,Atalanta,C,0,0,1,0,47.0,12.0,76.0,15.0,45.0,45.0,9.5,1,6,97.4,0,0,1,0,0,6.0,6.0,0.0,0.0,6.5,2,1,105,0,0,0.0,0.0,5.75,5.75,0.38,0.09,0.3833,5.75,0,0,105,0.3833
5119,Samardzic,Atalanta,C,0,0,1,0,44.0,13.0,76.0,15.0,78.0,78.0,5.0,0,0,100.0,0,0,0,1,26,5.94,6.23,0.26,0.23,6.7,4,2,211,1,0,3.0,0.0,6.0,6.75,0.44,0.06,0.45,6.75,1,0,211,0.45
5792,Ederson D.S.,Atalanta,C,0,0,1,0,46.0,12.0,76.0,13.0,92.0,92.0,27.5,5,36,86.8,0,0,0,0,30,6.25,6.43,0.18,0.07,7.14,4,4,343,1,0,3.0,0.0,6.0,6.75,0.04,0.04,0.5192,6.75,1,0,343,0.5192
6274,Diouf,Inter,C,0,0,1,0,43.0,9.0,75.0,16.0,35.0,35.0,14.0,2,14,94.7,0,0,0,1,19,6.08,6.21,0.0,0.0,6.5,3,3,273,0,3,3.0,0.0,6.5,7.5,0.04,0.48,0.4688,7.5,0,3,273,0.4688
7436,Alajbegovic,Juventus,C,0,0,1,0,42.0,11.0,75.0,13.0,75.0,75.0,14.0,2,12,94.7,0,0,0,1,0,6.0,6.0,0.0,0.0,6.5,3,2,195,0,0,0.0,0.0,5.67,5.67,0.11,0.07,0.4362,5.67,0,0,195,0.4362
5172,Jones C.,Inter,C,0,0,1,0,47.0,12.0,75.0,11.0,45.0,45.0,27.5,5,30,86.8,0,0,0,0,0,6.0,6.0,0.13,0.13,6.96,3,0,116,0,0,0.0,0.0,6.17,6.17,0.06,0.18,0.5609,6.17,0,0,116,0.5609
5823,Baldanzi,Genoa,C,0,0,1,0,28.0,11.0,75.0,10.0,88.0,88.0,53.0,8,59,78.9,1,0,1,1,18,6.14,6.36,0.0,0.0,6.5,4,4,266,0,0,0.0,0.0,5.88,5.88,0.36,0.02,0.588,5.88,0,0,266,0.588
7472,Calò,Frosinone,C,0,0,1,0,27.0,8.0,75.0,10.0,88.0,88.0,5.0,0,0,100.0,0,0,1,0,0,6.0,6.0,0.0,0.0,6.5,4,4,379,0,1,1.0,0.0,6.38,6.62,0.1,0.22,0.662,6.62,0,1,379,0.662
7551,Schmid,Frosinone,C,0,0,1,0,25.0,8.0,75.0,9.0,92.0,92.0,9.5,1,6,97.4,0,0,0,1,0,6.0,6.0,0.24,0.31,7.25,4,4,298,0,1,1.0,1.0,6.0,6.0,,0.03,0.6667,6.0,0,1,298,0.6667
6666,Bernabè,Parma,C,0,0,1,0,34.0,7.0,74.0,10.0,92.0,92.0,32.0,6,39,84.2,0,0,1,0,32,6.17,6.48,0.08,0.11,7.01,3,2,185,0,0,0.0,0.0,5.83,5.83,0.01,0.07,0.583,5.83,0,0,185,0.583
5844,Thorstvedt,Sassuolo,C,0,0,1,0,39.0,10.0,74.0,9.0,65.0,65.0,27.5,5,39,86.8,0,0,0,1,32,6.14,6.47,0.23,0.07,7.09,4,1,177,0,0,0.0,0.0,5.88,5.88,0.24,0.09,0.6533,5.88,0,0,177,0.6533
4892,Saelemaekers,Milan,C,0,0,1,0,35.0,11.0,72.0,9.0,45.0,45.0,14.0,2,12,94.7,0,0,0,1,35,6.14,6.41,0.11,0.16,7.37,3,1,129,0,1,1.0,0.0,6.17,6.5,0.11,0.32,0.7222,6.5,0,1,129,0.7222
6844,Rowe,Atalanta,C,0,0,1,0,40.0,10.0,72.0,9.0,40.0,40.0,9.5,1,14,97.4,0,0,0,1,28,6.2,6.59,0.0,0.0,6.5,1,1,97,0,0,0.0,0.0,5.5,5.5,0.32,0.07,0.6111,5.5,0,0,97,0.6111
4856,Chukwueze,Milan,C,0,0,1,0,22.0,8.0,72.0,9.0,78.0,78.0,5.0,0,0,100.0,0,0,0,1,1,5.5,5.5,0.17,0.28,6.78,4,3,326,0,2,2.0,0.0,6.5,7.0,0.1,0.27,0.7778,7.0,0,2,326,0.7778
7223,Vergara,Napoli,C,0,0,1,0,35.0,10.0,71.0,11.0,45.0,45.0,57.5,9,63,76.3,1,0,0,1,12,6.17,6.33,0.0,0.0,6.5,3,2,145,1,1,4.0,0.5,6.33,7.5,0.12,0.25,0.6818,7.5,1,1,145,0.6818
6618,Cissè A.,Milan,C,0,0,1,0,24.0,5.0,71.0,11.0,78.0,78.0,50.0,20,120,47.4,0,0,0,1,0,6.0,6.0,0.0,0.0,6.5,4,3,245,2,0,6.0,0.5,6.25,7.62,0.27,0.04,0.6927,7.62,2,0,245,0.6927
4220,Zambo Anguissa,Napoli,C,0,0,1,0,41.0,10.0,71.0,8.0,55.0,55.0,50.0,16,107,57.9,0,0,0,0,18,6.17,6.86,0.0,0.0,6.5,3,3,253,0,0,0.0,0.0,5.33,5.33,,,0.6663,5.33,0,0,253,0.6663
7060,Cacciamani,Torino,C,0,0,1,0,24.0,6.0,71.0,8.0,85.0,85.0,5.0,0,0,100.0,0,0,0,1,0,6.0,6.0,0.0,0.0,6.5,4,3,292,0,1,1.0,0.0,6.12,6.38,0.02,0.14,0.7975,6.38,0,1,292,0.7975
7129,Rodriguez Je.,Como,C,0,0,1,0,31.0,11.0,71.0,7.0,30.0,30.0,9.5,1,21,97.4,0,0,0,1,31,6.23,6.6,0.21,0.22,6.93,2,1,114,0,0,0.0,0.0,5.75,5.75,0.35,0.08,0.8214,5.75,0,0,114,0.8214
5589,Konè M.,Roma,C,0,0,1,0,42.0,10.0,71.0,7.0,92.0,92.0,69.5,9,70,76.3,2,0,0,0,29,6.26,6.53,0.08,0.09,7.14,4,3,282,0,0,0.0,0.5,6.25,6.12,0.05,0.13,0.8743,6.12,0,0,282,0.8743
4436,Cambiaghi,Bologna,C,0,0,1,0,25.0,8.0,71.0,7.0,88.0,88.0,44.0,6,48,84.2,1,0,0,1,28,5.98,6.36,0.13,0.14,6.72,4,4,319,0,0,0.0,0.5,5.88,5.75,0.16,0.06,0.8214,5.75,0,0,319,0.8214
6151,Perrone,Como,C,0,0,1,0,34.0,10.0,71.0,7.0,92.0,92.0,5.0,0,0,100.0,0,0,0,0,36,6.22,6.47,0.07,0.1,7.12,4,3,271,0,0,0.0,0.0,6.25,6.25,0.12,0.07,0.8929,6.25,0,0,271,0.8929
5500,Cancellieri,Lazio,C,0,0,1,0,25.0,9.0,70.0,8.0,78.0,78.0,32.0,6,42,84.2,0,0,0,1,30,5.93,6.27,0.22,0.08,6.81,4,3,222,1,0,3.0,0.5,6.12,6.75,0.22,0.32,0.8438,6.75,1,0,222,0.8438
5878,Colpani,Monza,C,0,0,1,0,15.0,9.0,70.0,8.0,78.0,78.0,5.0,0,0,100.0,0,0,1,1,0,6.0,6.0,0.0,0.0,6.5,4,3,267,1,0,3.0,0.0,5.75,6.5,0.32,0.16,0.8125,6.5,1,0,267,0.8125
1933,Mandragora,Torino,C,0,0,1,0,23.0,8.0,70.0,7.0,60.0,60.0,14.0,2,14,94.7,0,0,1,0,34,6.04,6.62,0.17,0.1,7.03,2,2,184,1,0,3.0,0.0,6.12,6.88,0.09,0.04,0.9829,6.88,1,0,184,0.9829
6010,Fazzini,Cagliari,C,0,0,1,0,23.0,6.0,70.0,7.0,88.0,88.0,36.5,7,42,81.6,0,0,0,1,20,5.92,5.88,0.17,0.12,6.5,4,4,251,0,1,1.0,0.5,5.88,6.0,0.06,0.13,0.8571,6.0,0,1,251,0.8571
184,Bernardeschi,Bologna,C,0,0,1,0,27.0,10.0,70.0,6.0,78.0,78.0,36.5,7,50,81.6,0,0,0,1,29,6.03,6.47,0.22,0.17,6.85,4,3,310,0,0,0.0,0.0,6.25,6.25,0.1,0.2,1.0417,6.25,0,0,310,1.0417
7412,Milla,Como,C,0,0,1,0,30.0,6.0,70.0,6.0,85.0,85.0,5.0,0,0,100.0,0,0,0,0,0,6.0,6.0,0.32,0.12,6.81,4,2,229,0,0,0.0,0.0,6.38,6.38,0.07,0.23,1.0633,6.38,0,0,229,1.0633
779,Cristante,Roma,C,0,0,1,0,29.0,9.0,70.0,6.0,92.0,92.0,5.0,0,0,100.0,0,0,0,0,37,6.11,6.22,0.06,0.08,7.18,4,4,356,0,0,0.0,0.0,6.25,6.25,0.11,0.03,1.0417,6.25,0,0,356,1.0417
4364,Gaetano,Atalanta,C,0,0,1,0,30.0,7.0,69.0,7.0,92.0,92.0,27.5,5,38,86.8,0,0,0,0,33,6.06,6.3,0.21,0.09,6.4,3,3,295,0,1,1.0,1.0,5.67,5.67,0.0,0.02,0.81,5.67,0,1,295,0.81
6833,Mbangula,Bologna,C,0,0,1,0,28.0,8.0,69.0,6.0,45.0,45.0,5.0,0,0,100.0,0,0,0,1,0,6.0,6.0,0.0,0.0,6.5,2,0,24,0,0,0.0,0.0,6.0,6.0,,,1.0,6.0,0,0,24,1.0
6827,Njie,Fiorentina,C,0,0,1,0,28.0,4.0,69.0,6.0,40.0,40.0,9.5,1,6,97.4,0,0,0,1,0,6.0,6.0,0.0,0.0,6.5,2,2,166,0,0,0.0,0.5,6.33,6.17,0.41,0.46,1.0283,6.17,0,0,166,1.0283
7618,Hutchinson,Milan,C,0,0,1,0,25.0,8.0,69.0,5.0,45.0,45.0,5.0,0,0,100.0,0,0,0,1,0,6.0,6.0,0.0,0.0,6.5,1,0,18,0,0,0.0,0.0,6.0,6.0,,,1.2,6.0,0,0,18,1.2
6549,Pierotti,Lecce,C,0,0,1,0,19.0,6.0,69.0,5.0,78.0,78.0,5.0,0,0,100.0,0,0,0,1,37,5.8,5.85,0.11,0.05,6.49,4,3,304,0,0,0.0,0.0,5.75,5.75,0.15,0.11,1.15,5.75,0,0,304,1.15
5858,Ferguson,Bologna,C,0,0,1,0,23.0,7.0,69.0,4.0,92.0,92.0,5.0,0,0,100.0,0,0,0,0,27,5.83,5.81,0.0,0.0,6.5,4,4,399,0,0,0.0,0.0,6.12,6.12,0.09,0.18,1.53,6.12,0,0,399,1.53
5888,Casadei,Torino,C,0,0,1,0,27.0,9.0,68.0,6.0,25.0,25.0,33.5,3,30,92.1,0,1,0,1,33,5.97,6.44,0.19,0.07,6.76,1,1,70,0,0,0.0,0.0,5.0,5.0,,,0.8333,5.0,0,0,70,0.8333
4287,Lobotka,Napoli,C,0,0,1,0,23.0,8.0,68.0,1.0,92.0,92.0,44.0,6,46,84.2,1,0,0,0,32,6.05,6.09,0.02,0.07,7.06,4,4,381,1,0,3.0,0.0,6.62,7.38,0.13,0.1,7.38,7.38,1,0,381,7.38
4465,Fagioli,Fiorentina,C,0,0,1,0,20.0,7.0,68.0,1.0,78.0,78.0,5.0,0,0,100.0,0,0,0,0,33,6.03,6.23,0.09,0.13,7.17,4,3,295,0,1,1.0,0.5,5.88,6.0,0.06,0.1,6.0,6.0,0,1,295,6.0
6678,Liberali,Como,C,0,0,1,0,21.0,6.0,68.0,1.0,25.0,25.0,5.0,0,0,100.0,0,0,0,1,0,6.0,6.0,0.0,0.0,6.5,2,0,35,0,0,0.0,0.0,6.0,6.0,,,6.0,6.0,0,0,35,6.0
5504,Coulibaly L.,Lecce,C,0,0,1,0,17.0,7.0,67.0,1.0,88.0,88.0,9.5,1,14,97.4,0,0,0,1,33,6.05,6.29,0.09,0.04,6.86,4,4,393,2,1,7.0,0.0,6.38,8.12,0.25,0.03,8.12,8.12,2,1,393,8.12
6677,Adzic,Sassuolo,C,0,0,1,0,16.0,6.0,67.0,1.0,78.0,78.0,18.5,3,24,92.1,0,0,0,1,10,6.05,6.35,0.0,0.0,6.5,4,3,216,2,1,7.0,0.0,6.5,8.25,0.74,0.07,8.25,8.25,2,1,216,8.25
5735,Volpato,Sassuolo,C,0,0,1,0,25.0,9.0,67.0,1.0,50.0,50.0,60.5,9,68,76.3,0,1,0,1,24,6.12,6.46,0.14,0.14,6.78,3,3,190,1,0,3.0,0.5,6.67,7.5,0.11,0.24,7.5,7.5,1,0,190,7.5
795,El Shaarawy,Genoa,C,0,0,1,0,25.0,7.0,67.0,1.0,45.0,45.0,5.0,0,0,100.0,0,0,0,1,20,6.12,6.28,0.0,0.0,6.5,1,0,35,0,0,0.0,0.0,6.0,6.0,,,6.0,6.0,0,0,35,6.0
7619,Monteiro J.,Lecce,C,0,0,1,0,23.0,7.0,67.0,1.0,40.0,40.0,5.0,0,0,100.0,0,0,0,1,0,6.0,6.0,0.0,0.0,6.5,2,2,145,0,0,0.0,0.0,5.5,5.5,0.01,0.01,5.5,5.5,0,0,145,5.5
2077,Pasalic,Atalanta,C,0,0,1,0,22.0,8.0,67.0,1.0,78.0,78.0,5.0,0,0,100.0,0,0,0,1,33,5.94,6.26,0.12,0.13,6.82,4,2,201,0,0,0.0,0.0,5.62,5.62,,0.06,5.62,5.62,0,0,201,5.62
5680,Sarr P.,Juventus,C,0,0,1,0,25.0,7.0,67.0,1.0,40.0,40.0,5.0,0,0,100.0,0,0,0,0,0,6.0,6.0,0.0,0.0,6.5,1,0,24,0,0,0.0,0.0,5.5,5.5,,,5.5,5.5,0,0,24,5.5
7070,Sucic P.,Inter,C,0,0,1,0,21.0,9.0,67.0,1.0,45.0,45.0,5.0,0,0,100.0,0,0,0,0,34,6.06,6.22,0.08,0.16,6.97,3,2,157,0,0,0.0,0.0,6.17,6.17,,0.18,6.17,6.17,0,0,157,6.17
6294,Ndour,Fiorentina,C,0,0,1,0,22.0,7.0,67.0,1.0,92.0,92.0,5.0,0,0,100.0,0,0,0,0,33,5.82,6.06,0.13,0.06,6.55,4,3,330,0,0,0.0,0.0,5.5,5.5,0.05,0.17,5.5,5.5,0,0,330,5.5
6190,Pisilli,Roma,C,0,0,1,0,19.0,7.0,66.0,1.0,35.0,35.0,5.0,0,0,100.0,0,0,0,0,25,6.08,6.42,0.12,0.08,6.85,3,1,140,2,0,6.0,0.5,6.5,8.33,0.26,0.15,8.33,8.33,2,0,140,8.33
5761,Zhegrova,Juventus,C,0,0,1,0,17.0,6.0,66.0,1.0,25.0,25.0,14.0,2,20,94.7,0,0,0,1,19,5.97,5.95,0.2,0.35,6.5,3,0,74,2,0,6.0,0.0,6.5,8.5,,,8.5,8.5,2,0,74,8.5
7311,Romano,Cagliari,C,0,0,1,0,21.0,7.0,66.0,1.0,92.0,92.0,5.0,0,0,100.0,0,0,0,0,2,6.0,6.0,0.03,0.06,6.29,4,4,394,1,0,3.0,0.0,6.62,7.38,0.06,0.1,7.38,7.38,1,0,394,7.38
6680,Karlstrom,Udinese,C,0,0,1,0,20.0,7.0,66.0,1.0,92.0,92.0,9.5,1,6,97.4,0,0,0,0,36,5.96,5.96,0.02,0.03,6.87,4,4,393,1,0,3.0,0.5,6.25,6.88,0.08,0.03,6.88,6.88,1,0,393,6.88
4479,Elmas,Atalanta,C,0,0,1,0,22.0,7.0,66.0,1.0,15.0,15.0,5.0,0,0,100.0,0,0,0,1,33,5.83,5.97,0.15,0.1,6.79,3,1,123,0,0,0.0,0.0,5.67,5.67,,0.03,5.67,5.67,0,0,123,5.67
7535,Fitz-Jim,Torino,C,0,0,1,0,18.0,5.0,66.0,1.0,92.0,92.0,50.0,12,86,68.4,0,0,0,1,0,6.0,6.0,0.16,0.28,6.5,4,4,352,0,0,0.0,0.0,6.0,6.0,0.01,0.18,6.0,6.0,0,0,352,6.0
6398,Isaksen,Lazio,C,0,0,1,0,22.0,9.0,66.0,1.0,65.0,65.0,51.5,7,54,81.6,0,1,0,1,30,6.03,6.57,0.28,0.07,6.71,4,1,180,0,0,0.0,0.5,5.75,5.62,0.1,0.02,5.62,5.62,0,0,180,5.62
2765,Odgaard,Bologna,C,0,0,1,0,17.0,8.0,66.0,1.0,85.0,85.0,18.5,3,35,92.1,0,0,0,1,26,5.92,6.52,0.16,0.09,6.67,4,3,250,0,0,0.0,0.5,5.62,5.5,0.32,0.08,5.5,5.5,0,0,250,5.5
6252,Folorunsho,Monza,C,0,0,1,0,17.0,4.0,66.0,1.0,65.0,65.0,50.0,11,94,71.1,0,0,0,1,27,6.04,6.2,0.15,0.05,6.51,3,2,237,0,0,0.0,0.5,5.5,5.33,0.15,0.06,5.33,5.33,0,0,237,5.33
5422,Zalewski,Atalanta,C,0,0,1,0,18.0,7.0,65.0,1.0,35.0,35.0,14.0,2,14,94.7,0,0,0,1,33,6.09,6.38,0.14,0.21,7.01,3,1,136,0,1,1.0,0.0,6.0,6.33,0.23,0.08,6.33,6.33,0,1,136,6.33
4199,Loftus-Cheek,Milan,C,0,0,1,0,16.0,4.0,65.0,1.0,78.0,78.0,32.0,6,38,84.2,0,0,0,1,28,6.07,6.39,0.25,0.09,6.61,4,3,203,0,0,0.0,0.5,5.75,5.62,0.12,0.13,5.62,5.62,0,0,203,5.62
4911,Douglas Luiz,Juventus,C,0,0,1,0,15.0,4.0,65.0,1.0,88.0,88.0,62.0,10,70,73.7,1,0,1,0,0,6.0,6.0,0.05,0.14,6.5,4,4,358,0,0,0.0,0.5,5.38,5.25,0.14,0.12,5.25,5.25,0,0,358,5.25
5685,Koopmeiners,Juventus,C,0,0,1,0,15.0,7.0,64.0,1.0,65.0,65.0,5.0,0,0,100.0,0,0,0,1,33,5.68,5.61,0.07,0.07,6.69,4,1,134,1,1,4.0,0.0,6.25,7.25,0.19,0.21,7.25,7.25,1,1,134,7.25
5507,Busio,Venezia,C,0,0,1,0,14.0,5.0,64.0,1.0,92.0,92.0,5.0,0,0,100.0,0,0,0,0,0,6.0,6.0,0.0,0.0,6.5,4,4,341,0,2,2.0,0.5,6.12,6.5,0.09,0.05,6.5,6.5,0,2,341,6.5
530,Pellegrini Lo.,Roma,C,0,0,1,0,20.0,9.0,64.0,1.0,45.0,45.0,89.0,14,264,63.2,2,0,0,1,24,6.04,6.58,0.32,0.19,6.92,0,0,0,0,0,0.0,0.0,,,,,,,0,0,0,
7624,Braganca,Torino,C,0,0,1,0,20.0,6.0,64.0,1.0,45.0,45.0,5.0,0,0,100.0,0,0,0,0,0,6.0,6.0,0.0,0.0,6.5,2,0,76,0,0,0.0,0.0,6.25,6.25,,,6.25,6.25,0,0,76,6.25
5036,Caqueret,Como,C,0,0,1,0,17.0,6.0,64.0,1.0,35.0,35.0,5.0,0,0,100.0,0,0,0,1,30,6.1,6.38,0.14,0.14,6.86,4,0,115,0,0,0.0,0.5,6.12,6.0,,0.14,6.0,6.0,0,0,115,6.0
5674,Basic,Venezia,C,0,0,1,0,19.0,6.0,64.0,1.0,92.0,92.0,65.0,11,78,71.1,0,1,0,0,23,6.09,6.43,0.07,0.1,6.91,2,2,157,0,0,0.0,0.0,5.75,5.75,,0.24,5.75,5.75,0,0,157,5.75
2528,Matic,Sassuolo,C,0,0,1,0,15.0,6.0,63.0,1.0,92.0,92.0,9.5,1,6,97.4,0,0,0,0,34,5.96,5.96,0.01,0.05,6.9,4,4,347,0,1,1.0,0.5,6.62,6.75,0.02,0.1,6.75,6.75,0,1,347,6.75
6506,Fini,Frosinone,C,0,0,1,0,13.0,4.0,63.0,1.0,85.0,85.0,5.0,0,0,100.0,0,0,0,1,1,5.5,5.5,0.0,0.0,6.5,4,2,197,0,0,0.0,0.0,6.12,6.12,0.09,0.08,6.12,6.12,0,0,197,6.12
827,Locatelli,Juventus,C,0,0,1,0,33.0,9.0,63.0,1.0,92.0,92.0,33.5,3,180,92.1,0,1,0,0,36,6.26,6.19,0.08,0.15,7.56,3,3,303,0,1,1.0,0.5,6.17,6.33,0.19,0.17,6.33,6.33,0,1,303,6.33
5791,Frendrup,Genoa,C,0,0,1,0,19.0,7.0,63.0,1.0,92.0,92.0,9.5,1,14,97.4,0,0,0,0,36,5.96,5.97,0.01,0.03,7.04,4,4,392,0,0,0.0,0.0,5.62,5.62,0.02,0.03,5.62,5.62,0,0,392,5.62
4260,Winks,Cagliari,C,0,0,1,0,15.0,6.0,63.0,1.0,92.0,92.0,5.0,0,0,100.0,0,0,1,0,0,6.0,6.0,0.04,0.09,6.92,4,4,356,0,0,0.0,0.0,6.12,6.12,0.03,0.02,6.12,6.12,0,0,356,6.12
7464,Oulai,Fiorentina,C,0,0,1,0,18.0,6.0,63.0,1.0,50.0,50.0,5.0,0,0,100.0,0,0,0,0,0,6.0,6.0,0.0,0.0,6.5,3,2,129,0,0,0.0,0.0,5.67,5.67,0.01,0.02,5.67,5.67,0,0,129,5.67
6994,Perez K.,Venezia,C,0,0,1,0,15.0,5.0,63.0,1.0,88.0,88.0,5.0,0,0,100.0,0,0,0,1,0,6.0,6.0,0.0,0.0,6.5,4,4,356,0,0,0.0,0.5,5.88,5.75,0.0,0.15,5.75,5.75,0,0,356,5.75
5295,Musah,Milan,C,0,0,1,0,15.0,3.0,63.0,1.0,78.0,78.0,5.0,0,0,100.0,0,0,0,1,20,5.95,6.08,0.09,0.11,6.5,4,3,342,0,0,0.0,0.0,6.25,6.25,0.1,0.02,6.25,6.25,0,0,342,6.25
6783,Unai Gomez,Udinese,C,0,0,1,0,16.0,7.0,62.0,1.0,78.0,78.0,5.0,0,0,100.0,0,0,0,1,0,6.0,6.0,0.21,0.09,6.26,4,3,187,0,1,1.0,0.5,5.75,5.88,0.12,0.24,5.88,5.88,0,1,187,5.88
7036,Bakola,Sassuolo,C,0,0,1,0,14.0,6.0,62.0,1.0,65.0,65.0,56.0,8,75,78.9,0,1,0,1,6,6.08,6.08,0.0,0.0,6.5,3,2,236,0,1,1.0,0.0,6.17,6.5,0.03,0.11,6.5,6.5,0,1,236,6.5
7248,Gorter,Lecce,C,0,0,1,0,12.0,3.0,61.0,1.0,35.0,35.0,5.0,0,0,100.0,0,0,0,1,2,5.75,5.75,0.0,0.0,6.5,2,1,113,1,0,3.0,0.0,6.0,7.5,0.11,0.05,7.5,7.5,1,0,113,7.5
6020,Ellertsson,Genoa,C,0,0,1,0,16.0,6.0,61.0,1.0,88.0,88.0,5.0,0,0,100.0,0,0,0,0,36,5.85,5.92,0.07,0.06,6.52,4,4,376,0,0,0.0,0.0,5.62,5.62,0.03,0.04,5.62,5.62,0,0,376,5.62
5301,Luis Henrique,Inter,C,0,0,1,0,12.0,5.0,61.0,1.0,30.0,30.0,9.5,1,6,97.4,0,0,0,1,30,5.9,6.05,0.05,0.1,7.01,2,1,103,0,0,0.0,0.0,6.0,6.0,0.04,0.03,6.0,6.0,0,0,103,6.0
6898,Keita M.,Parma,C,0,0,1,0,15.0,5.0,61.0,1.0,92.0,92.0,9.5,1,21,97.4,0,0,0,0,37,6.01,6.05,0.02,0.01,6.94,4,4,373,0,0,0.0,0.5,5.75,5.62,0.01,0.06,5.62,5.62,0,0,373,5.62
4870,Adopo,Cagliari,C,0,0,1,0,13.0,7.0,60.0,1.0,92.0,92.0,5.0,0,0,100.0,0,0,0,0,38,5.83,5.88,0.07,0.03,6.74,4,4,394,0,2,2.0,0.0,6.25,6.75,0.08,0.09,6.75,6.75,0,2,394,6.75
5946,Sow,Genoa,C,0,0,1,0,15.0,7.0,60.0,1.0,78.0,78.0,23.0,4,28,89.5,0,0,0,0,0,6.0,6.0,0.07,0.07,6.74,4,3,243,0,1,1.0,0.5,5.75,5.88,0.02,0.14,5.88,5.88,0,1,243,5.88
7575,Mout,Monza,C,0,0,1,0,12.0,1.0,60.0,1.0,78.0,78.0,5.0,0,0,100.0,0,0,0,0,0,6.0,6.0,0.0,0.0,6.5,4,2,155,0,1,1.0,0.0,5.75,6.0,0.04,0.03,6.0,6.0,0,1,155,6.0
4349,Nicolussi Caviglia,Parma,C,0,0,1,0,16.0,6.0,60.0,1.0,35.0,35.0,5.0,0,0,100.0,0,0,0,0,26,5.9,5.98,0.06,0.11,6.63,0,0,0,0,0,0.0,0.0,,,,,,,0,0,0,
5998,Zerbin,Frosinone,C,0,0,1,0,12.0,6.0,60.0,1.0,15.0,15.0,23.0,4,24,89.5,0,0,0,1,32,5.78,5.81,0.09,0.11,6.36,3,1,99,0,0,0.0,0.0,6.17,6.17,,,6.17,6.17,0,0,99,6.17
6895,Dominguez B.,Sassuolo,C,0,0,1,0,12.0,4.0,60.0,1.0,35.0,35.0,32.0,6,36,84.2,0,0,0,1,0,6.0,6.0,0.0,0.0,6.5,3,0,83,0,0,0.0,0.0,5.83,5.83,,,5.83,5.83,0,0,83,5.83
6015,Berisha M.,Lecce,C,0,0,1,0,12.0,4.0,60.0,1.0,35.0,35.0,62.0,23,161,39.5,1,0,0,1,13,6.15,6.85,0.0,0.0,6.5,1,0,16,0,0,0.0,0.0,6.0,6.0,,,6.0,6.0,0,0,16,6.0
4947,Brescianini,Fiorentina,C,0,0,1,0,11.0,3.0,60.0,1.0,78.0,78.0,9.5,1,6,97.4,0,0,0,1,26,5.98,6.21,0.16,0.07,6.54,4,2,145,0,0,0.0,0.0,5.75,5.75,0.01,0.03,5.75,5.75,0,0,145,5.75
7146,Tourè I.,Monza,C,0,0,1,0,14.0,6.0,60.0,1.0,35.0,35.0,5.0,0,0,100.0,0,0,0,0,32,5.83,5.83,0.0,0.0,6.5,0,0,0,0,0,0.0,0.0,,,,,,,0,0,0,
6054,Moro N.,Bologna,C,0,0,1,0,14.0,4.0,60.0,1.0,35.0,35.0,5.0,0,0,100.0,0,0,0,0,30,5.93,6.12,0.05,0.11,6.97,3,0,99,0,0,0.0,0.0,5.83,5.83,,,5.83,5.83,0,0,99,5.83
5453,Ricci S.,Como,C,0,0,1,0,12.0,4.0,60.0,1.0,35.0,35.0,5.0,0,0,100.0,0,0,0,0,31,6.0,6.15,0.11,0.13,6.72,2,0,28,0,0,0.0,0.0,6.0,6.0,,,6.0,6.0,0,0,28,6.0
4459,Rovella,Lazio,C,0,0,1,0,16.0,7.0,60.0,1.0,92.0,92.0,65.0,24,156,36.8,0,1,0,0,11,5.73,5.64,0.0,0.0,6.5,2,1,139,0,0,0.0,0.0,6.25,6.25,0.03,0.04,6.25,6.25,0,0,139,6.25
6170,Gineitis,Torino,C,0,0,1,0,12.0,5.0,59.0,1.0,88.0,88.0,18.5,3,20,92.1,0,0,0,0,29,5.88,5.83,0.05,0.12,6.76,4,4,286,0,1,1.0,0.5,5.62,5.75,0.03,0.05,5.75,5.75,0,1,286,5.75
6218,Oristanio,Torino,C,0,0,1,0,12.0,6.0,59.0,1.0,40.0,40.0,5.0,0,0,100.0,0,0,0,1,20,5.8,5.92,0.21,0.09,6.4,0,0,0,0,0,0.0,0.0,,,,,,,0,0,0,
5298,Pobega,Bologna,C,0,0,1,0,12.0,6.0,59.0,1.0,75.0,75.0,30.5,3,28,92.1,1,0,0,0,26,5.85,6.15,0.11,0.04,6.69,3,3,183,0,0,0.0,0.0,6.0,6.0,0.09,0.02,6.0,6.0,0,0,183,6.0
7203,Jashari,Milan,C,0,0,1,0,13.0,5.0,59.0,1.0,35.0,35.0,41.0,8,48,78.9,0,0,0,0,14,5.75,5.82,0.0,0.0,6.5,3,1,92,0,0,0.0,0.0,6.17,6.17,,,6.17,6.17,0,0,92,6.17
22,De Roon,Roma,C,0,0,1,0,10.0,4.0,59.0,1.0,35.0,35.0,9.5,1,14,97.4,0,0,0,0,34,5.97,6.0,0.03,0.07,7.07,2,0,44,0,0,0.0,0.0,6.25,6.25,,,6.25,6.25,0,0,44,6.25
7473,Cichella,Frosinone,C,0,0,1,0,12.0,4.0,59.0,1.0,35.0,35.0,5.0,0,0,100.0,0,0,0,0,0,6.0,6.0,0.0,0.0,6.5,2,1,113,0,0,0.0,0.0,5.75,5.75,0.04,0.01,5.75,5.75,0,0,113,5.75
7322,Ngom,Lecce,C,0,0,1,0,12.0,4.0,59.0,1.0,78.0,78.0,5.0,0,0,100.0,0,0,0,0,15,5.73,5.7,0.0,0.0,6.5,4,3,249,0,0,0.0,0.5,5.62,5.5,0.03,0.02,5.5,5.5,0,0,249,5.5
6593,Akinsanmiro,Monza,C,0,0,1,0,11.0,7.0,58.0,1.0,50.0,50.0,14.0,2,21,94.7,0,0,0,0,24,5.81,5.81,0.05,0.08,6.75,3,2,226,0,1,1.0,0.0,6.0,6.33,,0.22,6.33,6.33,0,1,226,6.33
7409,Meichtry,Genoa,C,0,0,1,0,11.0,5.0,58.0,1.0,35.0,35.0,9.5,1,6,97.4,0,0,0,1,0,6.0,6.0,0.0,0.0,6.5,4,0,70,0,0,0.0,0.0,5.75,5.75,,,5.75,5.75,0,0,70,5.75
6206,Fabbian,Parma,C,0,0,1,0,8.0,4.0,58.0,1.0,85.0,85.0,5.0,0,0,100.0,0,0,0,1,29,5.84,6.02,0.19,0.07,6.39,2,1,63,0,0,0.0,0.0,5.75,5.75,,,5.75,5.75,0,0,63,5.75
2857,Traorè Hj.,Genoa,C,0,0,1,0,11.0,4.0,58.0,1.0,45.0,45.0,50.0,24,144,36.8,0,0,0,1,0,6.0,6.0,0.0,0.0,6.5,0,0,0,0,0,0.0,0.0,,,,,,,0,0,0,
7318,Gandelman,Lecce,C,0,0,1,0,10.0,4.0,58.0,1.0,45.0,45.0,5.0,0,0,100.0,0,0,0,1,19,5.97,6.34,0.0,0.0,6.5,1,0,3,0,0,0.0,0.0,6.0,6.0,,,6.0,6.0,0,0,3,6.0
7579,Massolin,Cagliari,C,0,0,1,0,12.0,4.0,58.0,1.0,35.0,35.0,5.0,0,0,100.0,0,0,0,1,0,6.0,6.0,0.0,0.0,6.5,0,0,0,0,0,0.0,0.0,,,,,,,0,0,0,
7536,Diallo O.,Parma,C,0,0,1,0,12.0,3.0,58.0,1.0,35.0,35.0,9.5,1,6,97.4,0,0,0,1,0,6.0,6.0,0.0,0.0,6.5,1,0,21,0,0,0.0,0.0,6.0,6.0,,,6.0,6.0,0,0,21,6.0
6815,Fadera,Cagliari,C,0,0,1,0,12.0,2.0,58.0,1.0,40.0,40.0,18.5,3,18,92.1,0,0,0,1,28,5.93,6.09,0.19,0.11,6.43,3,0,111,0,0,0.0,0.0,6.0,6.0,0.15,0.04,6.0,6.0,0,0,111,6.0
2741,Pessina,Monza,C,0,0,1,0,15.0,6.0,58.0,1.0,35.0,35.0,33.5,3,180,92.1,0,1,0,0,0,6.0,6.0,0.0,0.0,6.5,0,0,0,0,0,0.0,0.0,,,,,,,0,0,0,
7208,Miller L.,Udinese,C,0,0,1,0,12.0,4.0,58.0,1.0,65.0,65.0,9.5,1,6,97.4,0,0,0,0,24,5.94,5.94,0.03,0.07,6.5,4,1,221,0,0,0.0,0.5,5.88,5.75,0.02,0.01,5.75,5.75,0,0,221,5.75
5562,Thuram K.,Juventus,C,0,0,1,0,25.0,9.0,58.0,1.0,45.0,45.0,42.5,5,200,86.8,0,1,0,0,35,6.1,6.39,0.11,0.13,7.12,0,0,0,0,0,0.0,0.0,,,,,,,0,0,0,
6629,Dele-Bashiru,Lazio,C,0,0,1,0,13.0,5.0,58.0,1.0,35.0,35.0,65.0,11,86,71.1,0,1,0,1,24,5.73,5.85,0.07,0.04,6.44,1,1,59,0,0,0.0,0.0,5.5,5.5,,,5.5,5.5,0,0,59,5.5
5007,Ilic,Lecce,C,0,0,1,0,10.0,1.0,57.0,1.0,92.0,92.0,50.0,13,84,65.8,0,0,0,0,8,6.0,5.88,0.0,0.0,6.5,3,2,162,0,2,2.0,0.5,5.83,6.33,0.03,0.16,6.33,6.33,0,2,162,6.33
6207,Almqvist,Parma,C,0,0,1,0,11.0,4.0,57.0,1.0,25.0,25.0,50.0,14,108,63.2,0,0,0,1,13,5.96,6.04,0.0,0.0,6.5,4,0,78,0,1,1.0,0.5,6.0,6.12,,,6.12,6.12,0,1,78,6.12
6917,Masini,Frosinone,C,0,0,1,0,8.0,3.0,57.0,1.0,78.0,78.0,5.0,0,0,100.0,0,0,0,0,28,5.98,5.93,0.12,0.06,6.77,4,3,340,0,1,1.0,0.0,6.38,6.62,0.02,0.2,6.62,6.62,0,1,340,6.62
5319,Sohm,Venezia,C,0,0,1,0,11.0,5.0,57.0,1.0,92.0,92.0,9.5,1,6,97.4,0,0,0,0,28,5.7,5.68,0.05,0.1,6.48,3,2,162,0,0,0.0,1.0,5.5,5.17,,0.02,5.17,5.17,0,0,162,5.17
7341,Amorim,Genoa,C,0,0,1,0,11.0,4.0,57.0,1.0,65.0,65.0,5.0,0,0,100.0,0,0,0,0,11,5.77,5.73,0.04,0.09,7.08,4,1,130,0,0,0.0,0.5,6.0,5.88,0.02,0.1,5.88,5.88,0,0,130,5.88
7528,Amondarain,Bologna,C,0,0,1,0,10.0,5.0,57.0,1.0,25.0,25.0,9.5,1,14,97.4,0,0,0,0,0,6.0,6.0,0.0,0.0,6.5,3,1,114,0,0,0.0,0.5,5.67,5.5,0.03,0.05,5.5,5.5,0,0,114,5.5
7550,Grillitsch,Frosinone,C,0,0,1,0,10.0,4.0,57.0,1.0,20.0,20.0,14.0,2,12,94.7,0,0,0,0,0,6.0,6.0,0.06,0.08,6.91,1,0,14,0,0,0.0,0.0,6.0,6.0,,,6.0,6.0,0,0,14,6.0
5131,Gilmour,Napoli,C,0,0,1,0,10.0,3.0,57.0,1.0,35.0,35.0,50.0,14,84,63.2,0,0,0,0,17,6.06,6.21,0.0,0.0,6.5,2,1,117,0,0,0.0,0.0,6.0,6.0,0.03,0.03,6.0,6.0,0,0,117,6.0
7232,Fernandez T.,Venezia,C,0,0,1,0,8.0,3.0,57.0,1.0,35.0,35.0,5.0,0,0,100.0,0,0,0,1,0,6.0,6.0,0.0,0.0,6.5,2,0,68,0,0,0.0,0.0,6.0,6.0,,,6.0,6.0,0,0,68,6.0
2529,Mkhitaryan,Inter,C,0,0,1,0,9.0,4.0,57.0,1.0,35.0,35.0,39.5,5,42,86.8,1,0,0,0,30,6.2,6.55,0.28,0.18,6.99,1,1,64,0,0,0.0,0.5,6.0,5.5,,,5.5,5.5,0,0,64,5.5
6503,Stankovic A.,Inter,C,0,0,1,0,7.0,3.0,57.0,1.0,25.0,25.0,5.0,0,0,100.0,0,0,0,0,0,6.0,6.0,0.14,0.12,7.26,2,0,24,0,0,0.0,0.0,6.0,6.0,,,6.0,6.0,0,0,24,6.0
6717,Konè I.,Sassuolo,C,0,0,1,0,20.0,8.0,57.0,1.0,45.0,45.0,9.5,1,6,97.4,0,1,0,0,35,6.19,6.63,0.17,0.06,6.91,0,0,0,0,0,0.0,0.0,,,,,,,0,0,0,
7198,Piotrowski,Udinese,C,0,0,1,0,15.0,6.0,56.0,1.0,92.0,92.0,47.0,6,204,84.2,0,1,0,0,33,5.89,5.95,0.14,0.04,6.63,3,3,152,1,0,3.0,1.0,6.17,6.83,0.28,0.03,6.83,6.83,1,0,152,6.83
4970,Messias,Genoa,C,0,0,1,0,8.0,4.0,56.0,1.0,40.0,40.0,62.0,13,85,65.8,1,0,0,1,20,6.18,6.65,0.25,0.22,6.79,4,0,147,0,0,0.0,0.0,6.12,6.12,0.24,0.21,6.12,6.12,0,0,147,6.12
7138,Ordonez C.,Parma,C,0,0,1,0,10.0,3.0,56.0,1.0,35.0,35.0,5.0,0,0,100.0,0,0,0,0,28,5.84,5.86,0.04,0.03,6.23,3,3,214,0,0,0.0,0.0,5.83,5.83,0.07,0.16,5.83,5.83,0,0,214,5.83
7127,Addai,Como,C,0,0,1,0,10.0,4.0,56.0,1.0,35.0,35.0,77.0,23,353,39.5,1,1,0,1,12,5.96,6.54,0.0,0.0,6.5,0,0,0,0,0,0.0,0.0,,,,,,,0,0,0,
333,Cataldi,Lazio,C,0,0,1,0,12.0,4.0,56.0,1.0,35.0,35.0,68.0,8,70,78.9,1,1,0,0,27,6.07,6.41,0.13,0.06,7.02,0,0,0,0,0,0.0,0.0,,,,,,,0,0,0,
5880,Ciurria,Monza,C,0,0,1,0,6.0,2.0,56.0,1.0,25.0,25.0,33.5,3,30,92.1,0,1,0,1,0,6.0,6.0,0.0,0.0,6.5,0,0,0,0,0,0.0,0.0,,,,,,,0,0,0,
7345,Przyborek,Lazio,C,0,0,1,0,5.0,1.0,56.0,1.0,25.0,25.0,5.0,0,0,100.0,0,0,0,1,1,6.0,6.0,0.0,0.0,6.5,0,0,0,0,0,0.0,0.0,,,,,,,0,0,0,
6005,Ilkhan,Torino,C,0,0,1,0,8.0,4.0,55.0,1.0,35.0,35.0,5.0,0,0,100.0,0,0,0,0,19,5.84,6.0,0.2,0.06,6.5,2,0,67,0,0,0.0,0.0,5.5,5.5,,,5.5,5.5,0,0,67,5.5
1871,Deiola,Cagliari,C,0,0,1,0,8.0,3.0,55.0,1.0,88.0,88.0,62.0,13,91,65.8,1,0,0,0,20,5.98,5.95,0.1,0.02,6.69,4,4,381,0,0,0.0,1.0,6.25,6.0,0.03,0.01,6.0,6.0,0,0,381,6.0
6024,Sulemana I.,Sassuolo,C,0,0,1,0,7.0,3.0,55.0,1.0,45.0,45.0,33.5,3,30,92.1,0,0,0,0,19,5.71,5.79,0.16,0.02,6.5,1,0,36,0,0,0.0,0.0,6.0,6.0,,,6.0,6.0,0,0,36,6.0
6241,Gelli F.,Frosinone,C,0,0,1,0,6.0,3.0,55.0,1.0,25.0,25.0,62.0,10,77,73.7,1,0,0,1,0,6.0,6.0,0.0,0.0,6.5,0,0,0,0,0,0.0,0.0,,,,,,,0,0,0,
5457,Maleh,Lecce,C,0,0,1,0,7.0,3.0,55.0,1.0,78.0,78.0,5.0,0,0,100.0,0,0,0,0,23,5.72,5.74,0.06,0.03,6.4,4,2,203,0,0,0.0,0.0,6.0,6.0,0.09,0.21,6.0,6.0,0,0,203,6.0
6903,Hasa,Frosinone,C,0,0,1,0,5.0,2.0,55.0,1.0,25.0,25.0,5.0,0,0,100.0,0,0,0,1,0,6.0,6.0,0.0,0.0,6.5,2,0,57,0,0,0.0,0.0,6.0,6.0,,,6.0,6.0,0,0,57,6.0
801,Gagliardini,Cagliari,C,0,0,1,0,8.0,3.0,54.0,1.0,35.0,35.0,5.0,0,0,100.0,0,0,0,0,29,5.91,5.84,0.0,0.0,6.5,1,0,24,0,0,0.0,0.0,5.5,5.5,,,5.5,5.5,0,0,24,5.5
6225,El Azzouzi O.,Bologna,C,0,0,1,0,10.0,2.0,54.0,1.0,15.0,15.0,65.0,25,162,34.2,0,1,0,0,0,6.0,6.0,0.0,0.0,6.5,1,1,83,0,0,0.0,0.5,5.0,4.5,,,4.5,4.5,0,0,83,4.5
7418,Chakvetadze,Udinese,C,0,0,1,0,6.0,2.0,54.0,1.0,25.0,25.0,50.0,12,72,68.4,0,0,0,1,0,6.0,6.0,0.08,0.18,6.75,1,0,22,0,0,0.0,0.0,5.5,5.5,,,5.5,5.5,0,0,22,5.5
7092,Jovanovic,Udinese,C,0,0,1,0,5.0,2.0,54.0,1.0,25.0,25.0,5.0,0,0,100.0,0,0,0,1,0,6.0,6.0,0.0,0.0,6.5,0,0,0,0,0,0.0,0.0,,,,,,,0,0,0,
6246,Lipani,Sassuolo,C,0,0,1,0,5.0,2.0,54.0,1.0,35.0,35.0,9.5,1,6,97.4,0,0,0,0,24,5.94,5.92,0.07,0.04,6.47,3,2,125,0,0,0.0,0.5,6.17,6.0,,0.04,6.0,6.0,0,0,125,6.0
6592,Forson O.,Monza,C,0,0,1,0,1.0,2.0,53.0,1.0,65.0,65.0,50.0,22,132,42.1,0,0,0,1,0,6.0,6.0,0.0,0.0,6.5,4,1,112,0,0,0.0,0.0,5.88,5.88,0.09,0.1,5.88,5.88,0,0,112,5.88
7183,Aboukhlal,Torino,C,0,0,1,0,5.0,3.0,53.0,1.0,25.0,25.0,62.0,18,125,52.6,1,0,0,1,15,5.83,5.7,0.0,0.0,6.5,2,0,37,0,0,0.0,0.0,5.5,5.5,,,5.5,5.5,0,0,37,5.5
5872,Helgason,Venezia,C,0,0,1,0,3.0,3.0,53.0,1.0,25.0,25.0,5.0,0,0,100.0,0,0,0,1,8,5.81,5.81,0.0,0.0,6.5,1,0,53,0,0,0.0,0.0,5.5,5.5,,,5.5,5.5,0,0,53,5.5
7477,Colombo L.,Monza,C,0,0,1,0,4.0,3.0,53.0,1.0,25.0,25.0,5.0,0,0,100.0,0,0,0,0,0,6.0,6.0,0.32,0.05,6.46,1,0,34,0,0,0.0,0.5,5.5,5.0,,,5.0,5.0,0,0,34,5.0
6191,Belahyane,Lazio,C,0,0,1,0,3.0,2.0,53.0,1.0,25.0,25.0,5.0,0,0,100.0,0,0,0,0,13,5.81,5.85,0.0,0.0,6.5,3,3,262,0,0,0.0,0.5,6.33,6.17,,0.04,6.17,6.17,0,0,262,6.17
7357,Lahdo,Como,C,0,0,1,0,1.0,1.0,53.0,1.0,25.0,25.0,18.5,3,18,92.1,0,0,0,1,0,6.0,6.0,0.0,0.0,6.5,0,0,0,0,0,0.0,0.0,,,,,,,0,0,0,
6212,Zarraga,Udinese,C,0,0,1,0,4.0,2.0,52.0,1.0,25.0,25.0,5.0,0,0,100.0,0,0,0,0,24,5.9,5.85,0.06,0.05,6.5,3,0,62,0,0,0.0,0.0,5.83,5.83,,,5.83,5.83,0,0,62,5.83
526,Duncan,Venezia,C,0,0,1,0,4.0,2.0,52.0,1.0,25.0,25.0,5.0,0,0,100.0,0,0,0,0,0,6.0,6.0,0.0,0.0,6.5,0,0,0,0,0,0.0,0.0,,,,,,,0,0,0,
7574,Foe Ondoa,Monza,C,0,0,1,0,2.0,2.0,52.0,1.0,35.0,35.0,5.0,0,0,100.0,0,0,0,0,0,6.0,6.0,0.0,0.0,6.5,2,2,152,0,0,0.0,0.0,5.75,5.75,0.04,0.02,5.75,5.75,0,0,152,5.75
5725,Kone B.,Frosinone,C,0,0,1,0,3.0,1.0,52.0,1.0,25.0,25.0,18.5,3,21,92.1,0,0,0,0,35,6.19,6.63,0.0,0.0,6.5,0,0,0,0,0,0.0,0.0,,,,,,,0,0,0,
7571,Laerke,Lecce,C,0,0,1,0,1.0,1.0,52.0,1.0,25.0,25.0,5.0,0,0,100.0,0,0,0,1,0,6.0,6.0,0.0,0.0,6.5,0,0,0,0,0,0.0,0.0,,,,,,,0,0,0,
7572,Comotto,Milan,C,0,0,1,0,1.0,1.0,52.0,1.0,25.0,25.0,27.5,5,35,86.8,0,0,0,0,0,6.0,6.0,0.0,0.0,6.5,0,0,0,0,0,0.0,0.0,,,,,,,0,0,0,
6219,Boloca,Sassuolo,C,0,0,1,0,5.0,2.0,51.0,1.0,25.0,25.0,65.0,34,252,10.5,0,1,0,0,2,5.75,5.75,0.0,0.0,6.5,0,0,0,0,0,0.0,0.0,,,,,,,0,0,0,
6410,Kaba,Lecce,C,0,0,1,0,2.0,1.0,51.0,1.0,25.0,25.0,9.5,1,14,97.4,0,0,0,0,15,5.83,5.8,0.0,0.0,6.5,1,0,10,0,0,0.0,0.0,6.0,6.0,,,6.0,6.0,0,0,10,6.0
5462,Ciervo,Cagliari,C,0,0,1,0,1.0,1.0,51.0,1.0,25.0,25.0,5.0,0,0,100.0,0,0,0,1,0,6.0,6.0,0.0,0.0,6.5,1,0,13,0,0,0.0,0.0,6.0,6.0,,,6.0,6.0,0,0,13,6.0
7456,El Azzouzi A.,Frosinone,C,0,0,1,0,1.0,1.0,51.0,1.0,25.0,25.0,23.0,4,24,89.5,0,0,0,0,0,6.0,6.0,0.0,0.0,6.5,0,0,0,0,0,0.0,0.0,,,,,,,0,0,0,
6980,Venturino,Genoa,C,0,0,1,0,4.0,2.0,50.0,1.0,25.0,25.0,33.5,3,180,92.1,0,1,0,1,12,5.92,5.92,0.0,0.0,6.5,0,0,0,0,0,0.0,0.0,,,,,,,0,0,0,
7276,Cremaschi,Parma,C,0,0,1,0,3.0,2.0,50.0,1.0,25.0,25.0,45.5,9,72,76.3,0,0,0,0,8,6.0,6.0,0.0,0.0,6.5,2,0,47,0,0,0.0,0.0,5.75,5.75,,,5.75,5.75,0,0,47,5.75
7319,Fofana Sa.,Lecce,C,0,0,1,0,1.0,1.0,50.0,1.0,25.0,25.0,23.0,4,32,89.5,0,0,0,0,5,5.8,5.8,0.0,0.0,6.5,0,0,0,0,0,0.0,0.0,,,,,,,0,0,0,
7481,Dagasso,Venezia,C,0,0,1,0,1.0,1.0,50.0,1.0,25.0,25.0,33.5,3,30,92.1,0,1,0,0,0,6.0,6.0,0.0,0.0,6.5,1,0,25,0,0,0.0,0.5,5.0,4.5,,,4.5,4.5,0,0,25,4.5
7628,Sierro,Parma,C,0,0,1,0,1.0,1.0,50.0,1.0,25.0,25.0,5.0,0,0,100.0,0,0,0,0,0,6.0,6.0,0.0,0.0,6.5,2,1,116,0,0,0.0,0.0,5.75,5.75,0.05,0.42,5.75,5.75,0,0,116,5.75
7165,Liteta,Cagliari,C,0,0,1,0,1.0,1.0,49.0,1.0,25.0,25.0,32.0,6,42,84.2,0,0,0,0,4,5.75,5.75,0.0,0.0,6.5,0,0,0,0,0,0.0,0.0,,,,,,,0,0,0,
6640,Felici,Cagliari,C,0,0,1,0,7.0,5.0,45.0,1.0,25.0,25.0,85.0,27,516,28.9,0,1,0,1,12,6.04,6.5,0.0,0.0,6.5,2,0,44,0,0,0.0,0.0,6.0,6.0,,,6.0,6.0,0,0,44,6.0
254,Dimarco,Inter,D,0,1,0,0,240.0,31.0,98.0,125.0,92.0,92.0,5.0,0,0,100.0,0,0,0,1,35,6.6,7.64,0.17,0.38,7.74,4,3,284,0,1,1.0,0.0,6.25,6.5,0.2,0.53,0.052,6.5,0,1,284,0.052
7181,Wesley,Roma,D,0,1,0,0,87.0,18.0,94.0,79.0,92.0,92.0,27.5,5,33,86.8,0,0,0,1,30,6.12,6.47,0.0,0.0,6.5,3,3,255,0,1,1.0,0.0,6.83,7.17,0.01,0.5,0.0908,7.17,0,1,255,0.0908
4998,Molina N.,Roma,D,0,1,0,0,78.0,18.0,94.0,68.0,50.0,50.0,27.5,5,30,86.8,0,0,0,1,0,6.0,6.0,0.03,0.11,6.98,3,1,176,0,0,0.0,0.0,6.0,6.0,0.05,0.2,0.0882,6.0,0,0,176,0.0882
2788,Bremer,Juventus,D,0,1,0,0,60.0,16.0,89.0,29.0,88.0,88.0,50.0,10,78,73.7,0,0,0,0,26,6.33,6.81,0.12,0.05,7.31,4,4,399,1,0,3.0,0.0,6.25,7.0,0.12,0.09,0.2414,7.0,1,0,399,0.2414
2296,Mancini,Roma,D,0,1,0,0,50.0,16.0,86.0,23.0,88.0,88.0,9.5,1,6,97.4,0,0,0,0,36,6.25,6.51,0.07,0.04,7.21,4,4,354,0,1,1.0,0.0,6.25,6.5,0.07,0.2,0.2826,6.5,0,1,354,0.2826
4976,Kalulu,Juventus,D,0,1,0,0,47.0,14.0,86.0,19.0,88.0,88.0,5.0,0,0,100.0,0,0,0,0,37,6.14,6.35,0.05,0.09,7.24,4,4,399,0,0,0.0,0.0,6.12,6.12,0.01,0.08,0.3221,6.12,0,0,399,0.3221
4409,Rrahmani,Napoli,D,0,1,0,0,51.0,15.0,85.0,22.0,92.0,92.0,62.0,14,98,63.2,1,0,0,0,21,6.24,6.45,0.07,0.02,7.34,4,4,399,0,1,1.0,0.0,6.12,6.38,0.02,0.02,0.29,6.38,0,1,399,0.29
4159,Akanji,Inter,D,0,1,0,0,47.0,15.0,85.0,21.0,92.0,92.0,5.0,0,0,100.0,0,0,0,0,33,6.27,6.39,0.07,0.04,7.19,4,4,344,0,1,1.0,0.5,5.75,5.88,0.19,0.02,0.28,5.88,0,1,344,0.28
5022,Pavlovic,Milan,D,0,1,0,0,49.0,14.0,85.0,19.0,92.0,92.0,9.5,1,6,97.4,0,0,0,0,34,6.24,6.62,0.11,0.04,7.17,4,4,390,0,0,0.0,1.0,6.0,5.75,0.07,0.01,0.3026,5.75,0,0,390,0.3026
2816,Di Lorenzo,Napoli,D,0,1,0,0,39.0,12.0,85.0,19.0,92.0,92.0,50.0,11,88,71.1,0,0,0,1,26,6.08,6.33,0.08,0.11,7.14,4,4,399,0,1,1.0,0.5,6.0,6.12,0.0,0.06,0.3221,6.12,0,1,399,0.3221
2120,Bastoni,Inter,D,0,1,0,0,43.0,14.0,84.0,16.0,92.0,92.0,14.0,2,27,94.7,0,0,0,0,28,6.2,6.34,0.05,0.12,7.42,4,4,347,0,0,0.0,0.0,6.12,6.12,0.07,0.18,0.3825,6.12,0,0,347,0.3825
5982,Spence,Inter,D,0,1,0,0,37.0,11.0,83.0,19.0,45.0,45.0,35.0,4,28,89.5,1,0,0,1,0,6.0,6.0,0.04,0.08,6.63,0,0,0,0,0,0.0,0.0,,,,,,,0,0,0,
5750,Ostigard,Genoa,D,0,1,0,0,41.0,11.0,83.0,15.0,92.0,92.0,27.5,5,32,86.8,0,0,0,0,30,6.13,6.52,0.12,0.03,7.16,4,4,362,0,0,0.0,1.5,5.88,5.5,0.03,0.01,0.3667,5.5,0,0,362,0.3667
4317,N'Dicka,Roma,D,0,1,0,0,42.0,13.0,82.0,15.0,60.0,60.0,9.5,1,14,97.4,0,0,0,0,31,6.08,6.32,0.07,0.03,7.12,0,0,0,0,0,0.0,0.0,5.75,5.75,0.26,0.01,0.3833,5.75,0,0,0,0.3833
6217,Bisseck,Inter,D,0,1,0,0,36.0,12.0,81.0,16.0,50.0,50.0,18.5,3,21,92.1,0,0,0,0,23,6.22,6.65,0.12,0.05,7.25,3,2,211,1,0,3.0,0.0,6.67,7.67,0.1,0.09,0.4794,7.67,1,0,211,0.4794
6869,Ramon,Como,D,0,1,0,0,31.0,10.0,81.0,14.0,92.0,92.0,14.0,2,14,94.7,0,0,0,0,32,6.16,6.14,0.02,0.07,6.85,4,4,391,1,0,3.0,0.0,6.25,7.0,0.25,0.03,0.5,7.0,1,0,391,0.5
6956,Solet,Udinese,D,0,1,0,0,46.0,13.0,81.0,14.0,92.0,92.0,42.5,5,42,86.8,0,1,0,0,35,6.17,6.39,0.08,0.07,7.23,3,3,235,0,0,0.0,0.0,6.0,6.0,,0.02,0.4286,6.0,0,0,235,0.4286
5514,Vasquez,Genoa,D,0,1,0,0,30.0,9.0,81.0,14.0,92.0,92.0,5.0,0,0,100.0,0,0,0,0,36,6.08,6.14,0.04,0.02,6.88,4,4,356,1,0,3.0,1.0,5.62,6.12,0.05,0.02,0.4371,6.12,1,0,356,0.4371
6727,Couto,Como,D,0,1,0,0,25.0,8.0,81.0,13.0,92.0,92.0,5.0,0,0,100.0,0,0,0,1,0,6.0,6.0,0.09,0.27,6.5,4,4,345,0,1,1.0,0.0,6.0,6.25,0.07,0.14,0.4808,6.25,0,1,345,0.4808
5620,Tavares N.,Lazio,D,0,1,0,0,25.0,7.0,81.0,13.0,92.0,92.0,23.0,4,28,89.5,0,0,0,1,23,5.91,5.8,0.04,0.12,7.0,4,3,284,0,1,1.0,0.0,6.25,6.5,0.07,0.08,0.5,6.5,0,1,284,0.5
5833,Gila,Milan,D,0,1,0,0,31.0,13.0,81.0,11.0,92.0,92.0,32.0,6,53,84.2,0,0,0,0,31,6.03,5.95,0.05,0.02,6.98,4,4,356,0,0,0.0,0.5,6.25,6.12,0.08,0.05,0.5564,6.12,0,0,356,0.5564
4734,Miranda J.,Bologna,D,0,1,0,0,23.0,8.0,79.0,11.0,50.0,50.0,14.0,2,14,94.7,0,0,0,1,32,6.0,6.09,0.02,0.14,7.27,3,2,252,0,1,1.0,0.0,6.0,6.33,,0.18,0.5755,6.33,0,1,252,0.5755
1852,Spinazzola,Napoli,D,0,1,0,0,25.0,8.0,79.0,10.0,78.0,78.0,23.0,4,47,89.5,0,0,0,1,32,6.16,6.52,0.06,0.16,6.94,4,3,339,0,0,0.0,0.0,5.88,5.88,0.04,0.14,0.588,5.88,0,0,339,0.588
5862,Valeri,Parma,D,0,1,0,0,22.0,8.0,79.0,9.0,92.0,92.0,5.0,0,0,100.0,0,0,0,1,34,6.06,6.09,0.02,0.14,6.78,4,4,393,0,0,0.0,0.0,6.12,6.12,0.01,0.27,0.68,6.12,0,0,393,0.68
4807,Hermoso,Roma,D,0,1,0,0,26.0,11.0,78.0,10.0,92.0,92.0,53.0,8,64,78.9,1,0,0,0,27,6.17,6.41,0.08,0.03,7.08,4,4,364,1,0,3.0,1.0,6.5,7.0,0.02,0.22,0.7,7.0,1,0,364,0.7
5641,Chalobah T.,Como,D,0,1,0,0,32.0,10.0,78.0,10.0,92.0,92.0,56.0,8,210,78.9,0,0,0,0,0,6.0,6.0,0.05,0.03,7.01,3,3,296,0,0,0.0,0.0,6.33,6.33,0.02,0.01,0.633,6.33,0,0,296,0.633
4994,Vojvoda,Udinese,D,0,1,0,0,19.0,9.0,78.0,8.0,92.0,92.0,9.5,1,6,97.4,0,0,0,1,30,6.02,6.22,0.08,0.15,6.73,4,4,362,0,0,0.0,0.0,5.75,5.75,0.02,0.15,0.7188,5.75,0,0,362,0.7188
5526,Scalvini,Atalanta,D,0,1,0,0,28.0,10.0,78.0,8.0,88.0,88.0,45.5,9,72,76.3,0,0,0,0,24,6.06,6.44,0.13,0.08,7.29,4,4,391,0,0,0.0,0.0,6.0,6.0,0.01,0.01,0.75,6.0,0,0,391,0.75
7220,Belghali,Torino,D,0,1,0,0,20.0,7.0,77.0,10.0,65.0,65.0,5.0,0,0,100.0,0,0,0,1,26,6.1,6.21,0.0,0.0,6.5,2,1,86,0,1,1.0,0.0,6.0,6.5,,,0.65,6.5,0,1,86,0.65
7485,Mangas,Monza,D,0,1,0,0,15.0,7.0,76.0,12.0,92.0,92.0,36.5,7,42,81.6,0,0,0,1,0,6.0,6.0,0.0,0.0,6.5,4,4,340,1,2,5.0,0.0,6.25,7.5,0.29,0.16,0.625,7.5,1,2,340,0.625
5877,Carlos Augusto,Inter,D,0,1,0,0,20.0,6.0,76.0,11.0,45.0,45.0,9.5,1,14,97.4,0,0,0,1,34,6.1,6.13,0.07,0.08,6.91,2,1,131,1,1,4.0,0.0,7.0,9.0,0.06,0.12,0.8182,9.0,1,1,131,0.8182
6867,Valle,Como,D,0,1,0,0,21.0,6.0,76.0,9.0,50.0,50.0,14.0,2,14,94.7,0,0,0,1,28,6.05,6.21,0.05,0.05,6.97,3,3,296,0,1,1.0,0.0,6.33,6.67,0.05,0.09,0.7411,6.67,0,1,296,0.7411
6496,Bartesaghi,Milan,D,0,1,0,0,22.0,8.0,76.0,8.0,35.0,35.0,5.0,0,0,100.0,0,0,0,1,31,5.97,6.05,0.04,0.15,6.93,2,1,120,0,0,0.0,0.0,6.0,6.0,,0.35,0.75,6.0,0,0,120,0.75
6664,Delprato,Parma,D,0,1,0,0,21.0,8.0,76.0,8.0,92.0,92.0,5.0,0,0,100.0,0,0,0,1,35,5.91,6.01,0.06,0.03,6.69,4,4,393,0,0,0.0,0.5,6.0,5.88,,,0.735,5.88,0,0,393,0.735
4137,Diego Carlos,Parma,D,0,1,0,0,26.0,8.0,76.0,8.0,92.0,92.0,5.0,0,0,100.0,0,0,0,0,27,6.13,6.09,0.0,0.0,6.5,2,2,144,0,0,0.0,0.0,5.5,5.5,0.03,0.09,0.6875,5.5,0,0,144,0.6875
4657,Celik,Juventus,D,0,1,0,0,16.0,8.0,76.0,6.0,88.0,88.0,5.0,0,0,100.0,0,0,0,1,34,6.16,6.25,0.05,0.07,7.04,4,4,361,0,0,0.0,0.5,5.75,5.62,0.01,0.12,0.9367,5.62,0,0,361,0.9367
6989,Tiago Gabriel,Lecce,D,0,1,0,0,20.0,8.0,75.0,11.0,92.0,92.0,5.0,0,0,100.0,0,0,0,0,37,6.0,6.01,0.1,0.0,6.88,4,2,267,2,0,6.0,0.0,6.0,7.5,0.39,0.01,0.6818,7.5,2,0,267,0.6818
6531,Jimenez A.,Fiorentina,D,0,1,0,0,18.0,7.0,75.0,8.0,60.0,60.0,5.0,0,0,100.0,0,0,0,1,1,5.5,5.0,0.04,0.06,6.99,3,2,215,0,1,1.0,0.5,5.5,5.67,0.06,0.04,0.7087,5.67,0,1,215,0.7087
554,Zappacosta,Atalanta,D,0,1,0,0,19.0,8.0,75.0,7.0,65.0,65.0,5.0,0,0,100.0,0,0,0,1,35,6.06,6.3,0.08,0.17,6.98,3,2,221,0,0,0.0,0.0,5.83,5.83,0.03,0.1,0.8329,5.83,0,0,221,0.8329
4433,Zortea,Bologna,D,0,1,0,0,19.0,7.0,75.0,7.0,50.0,50.0,5.0,0,0,100.0,0,0,0,1,32,5.88,5.91,0.02,0.12,6.61,2,1,99,0,0,0.0,0.0,6.0,6.0,,,0.8571,6.0,0,0,99,0.8571
7219,Bernasconi,Atalanta,D,0,1,0,0,18.0,6.0,75.0,6.0,50.0,50.0,27.5,5,40,86.8,0,0,0,1,23,6.09,6.15,0.02,0.2,7.02,2,1,100,0,0,0.0,0.0,5.75,5.75,0.03,0.04,0.9583,5.75,0,0,100,0.9583
5675,Theate,Bologna,D,0,1,0,0,20.0,8.0,75.0,5.0,70.0,70.0,27.5,5,40,86.8,0,0,0,0,0,6.0,6.0,0.0,0.0,6.5,2,2,198,0,0,0.0,0.0,5.75,5.75,0.03,0.01,1.15,5.75,0,0,198,1.15
5739,De Winter,Milan,D,0,1,0,0,20.0,5.0,75.0,5.0,88.0,88.0,5.0,0,0,100.0,0,0,0,0,26,5.77,5.9,0.03,0.02,6.91,4,4,390,0,0,0.0,0.5,6.38,6.25,0.09,0.0,1.25,6.25,0,0,390,1.25
5365,Dragusin,Fiorentina,D,0,1,0,0,20.0,7.0,74.0,7.0,92.0,92.0,9.5,1,6,97.4,0,0,0,0,0,6.0,6.0,0.0,0.0,6.5,4,4,389,0,1,1.0,0.5,5.0,5.12,0.04,0.03,0.7314,5.12,0,1,389,0.7314
2514,Stones,Inter,D,0,1,0,0,25.0,12.0,74.0,6.0,50.0,50.0,74.0,24,168,36.8,2,0,0,0,0,6.0,6.0,0.0,0.0,6.5,3,1,111,0,0,0.0,0.0,5.83,5.83,0.11,0.02,0.9717,5.83,0,0,111,0.9717
5885,Dodò,Fiorentina,D,0,1,0,0,20.0,9.0,74.0,6.0,40.0,40.0,9.5,1,14,97.4,0,0,0,1,36,5.99,6.03,0.06,0.14,7.13,1,1,94,0,0,0.0,0.0,5.0,5.0,,,0.8333,5.0,0,0,94,0.8333
5520,Cambiaso,Juventus,D,0,1,0,0,18.0,8.0,74.0,5.0,15.0,15.0,33.5,3,30,92.1,0,1,0,1,36,5.81,5.99,0.09,0.18,7.06,2,0,41,0,0,0.0,0.5,6.0,5.75,,,1.15,5.75,0,0,41,1.15
2188,Marusic,Lazio,D,0,1,0,0,20.0,6.0,74.0,5.0,65.0,65.0,59.0,6,58,84.2,1,1,0,1,33,5.86,5.97,0.04,0.05,6.82,1,1,19,0,0,0.0,0.0,6.0,6.0,,,1.2,6.0,0,0,19,1.2
5701,Obert,Cagliari,D,0,1,0,0,15.0,7.0,74.0,5.0,92.0,92.0,5.0,0,0,100.0,0,0,0,1,35,5.89,5.83,0.05,0.07,6.9,4,4,385,0,0,0.0,0.0,6.0,6.0,0.03,0.04,1.2,6.0,0,0,385,1.2
7621,Sugawara,Cagliari,D,0,1,0,0,15.0,6.0,74.0,5.0,50.0,50.0,5.0,0,0,100.0,0,0,0,1,0,6.0,6.0,0.0,0.0,6.5,1,0,28,0,0,0.0,0.0,6.0,6.0,,,1.2,6.0,0,0,28,1.2
7469,Bracaglia,Frosinone,D,0,1,0,0,15.0,7.0,73.0,8.0,88.0,88.0,5.0,0,0,100.0,0,0,0,0,0,6.0,6.0,0.0,0.0,6.5,4,4,358,1,1,4.0,1.0,6.38,7.12,0.09,0.05,0.89,7.12,1,1,358,0.89
6320,Doekhi,Lazio,D,0,1,0,0,16.0,8.0,73.0,6.0,45.0,45.0,5.0,0,0,100.0,0,0,0,0,0,6.0,6.0,0.12,0.05,6.94,3,3,303,0,1,1.0,0.0,6.33,6.67,0.3,0.07,1.1117,6.67,0,1,303,1.1117
6672,Idzes,Sassuolo,D,0,1,0,0,19.0,7.0,73.0,5.0,92.0,92.0,14.0,2,12,94.7,0,0,0,0,35,5.94,5.9,0.01,0.02,6.69,3,3,280,0,0,0.0,0.5,6.17,6.0,0.02,0.0,1.2,6.0,0,0,280,1.2
7580,Sutalo J.,Lazio,D,0,1,0,0,19.0,7.0,73.0,5.0,55.0,55.0,50.0,11,66,71.1,0,0,0,0,0,6.0,6.0,0.01,0.03,6.92,1,1,86,0,0,0.0,0.0,5.5,5.5,,,1.1,5.5,0,0,86,1.1
6042,Lucumì,Juventus,D,0,1,0,0,17.0,7.0,73.0,4.0,70.0,70.0,23.0,4,28,89.5,0,0,0,0,29,5.88,5.9,0.04,0.02,6.96,3,3,227,0,0,0.0,1.0,6.0,5.67,0.04,0.03,1.4175,5.67,0,0,227,1.4175
5838,Birindelli,Monza,D,0,1,0,0,12.0,4.0,72.0,6.0,92.0,92.0,5.0,0,0,100.0,0,0,0,1,0,6.0,6.0,0.0,0.0,6.5,4,4,378,0,1,1.0,0.0,5.88,6.12,0.09,0.25,1.02,6.12,0,1,378,1.02
6485,Kristensen T.,Atalanta,D,0,1,0,0,20.0,6.0,72.0,5.0,50.0,50.0,41.0,8,56,78.9,0,0,0,0,28,5.98,6.23,0.04,0.01,6.98,0,0,0,0,0,0.0,0.0,,,,,,,0,0,0,
4210,Mina,Cagliari,D,0,1,0,0,20.0,7.0,72.0,5.0,60.0,60.0,65.0,10,89,73.7,0,0,0,0,26,6.0,6.17,0.07,0.03,6.82,0,0,0,0,0,0.0,0.0,,,,,,,0,0,0,
4887,Bellanova,Atalanta,D,0,1,0,0,17.0,6.0,72.0,5.0,35.0,35.0,50.0,10,68,73.7,0,0,0,1,24,5.83,5.83,0.03,0.15,6.76,3,2,215,0,0,0.0,0.5,5.67,5.5,0.01,0.14,1.1,5.5,0,0,215,1.1
7629,Diogo Leite,Lazio,D,0,1,0,0,16.0,11.0,72.0,4.0,50.0,50.0,5.0,0,0,100.0,0,0,0,0,0,6.0,6.0,0.04,0.03,7.08,1,0,12,0,0,0.0,0.0,5.5,5.5,,,1.375,5.5,0,0,12,1.375
7529,Koulierakis,Roma,D,0,1,0,0,15.0,8.0,72.0,4.0,35.0,35.0,9.5,1,14,97.4,0,0,0,0,0,6.0,6.0,0.12,0.05,6.83,1,0,25,0,0,0.0,0.0,6.0,6.0,,,1.5,6.0,0,0,25,1.5
7212,Heggem,Bologna,D,0,1,0,0,15.0,6.0,72.0,4.0,88.0,88.0,18.5,3,26,92.1,0,0,0,0,27,5.85,5.81,0.0,0.0,6.5,4,4,399,0,0,0.0,0.5,5.62,5.5,0.02,0.05,1.375,5.5,0,0,399,1.375
5273,Estupinan,Milan,D,0,1,0,0,13.0,3.0,71.0,5.0,78.0,78.0,18.5,3,24,92.1,0,0,0,1,19,5.74,5.76,0.03,0.13,6.5,4,3,222,0,0,0.0,0.5,5.75,5.62,0.04,0.05,1.124,5.62,0,0,222,1.124
4401,Gabbia,Milan,D,0,1,0,0,15.0,7.0,71.0,4.0,50.0,50.0,32.0,6,59,84.2,0,0,0,0,30,5.92,5.85,0.05,0.01,6.92,2,0,27,0,0,0.0,0.0,6.0,6.0,,,1.5,6.0,0,0,27,1.5
4817,Pedraza,Lazio,D,0,1,0,0,14.0,6.0,71.0,1.0,35.0,35.0,5.0,0,0,100.0,0,0,0,1,0,6.0,6.0,0.06,0.14,6.96,3,1,123,0,0,0.0,0.0,6.0,6.0,0.06,0.01,6.0,6.0,0,0,123,6.0
4147,Caleta-Car,Sassuolo,D,0,1,0,0,15.0,6.0,71.0,1.0,35.0,35.0,5.0,0,0,100.0,0,0,0,0,0,6.0,6.0,0.0,0.0,6.5,1,0,15,0,0,0.0,0.0,6.0,6.0,,,6.0,6.0,0,0,15,6.0
6986,Rensch,Roma,D,0,1,0,0,14.0,4.0,71.0,1.0,35.0,35.0,14.0,2,27,94.7,0,0,0,1,24,6.12,6.4,0.02,0.18,6.5,1,0,9,0,0,0.0,0.0,6.0,6.0,,,6.0,6.0,0,0,9,6.0
5555,Kamara H.,Udinese,D,0,1,0,0,12.0,9.0,70.0,1.0,92.0,92.0,41.0,8,53,78.9,0,0,0,1,26,5.88,5.87,0.03,0.1,6.91,4,4,393,2,1,6.0,0.0,6.38,7.88,0.18,0.03,7.88,7.88,2,1,393,7.88
7414,Kaiki,Como,D,0,1,0,0,13.0,6.0,70.0,1.0,50.0,50.0,5.0,0,0,100.0,0,0,0,1,0,6.0,6.0,0.11,0.1,7.34,2,1,111,1,0,3.0,0.0,6.25,7.75,0.61,0.43,7.75,7.75,1,0,111,7.75
6990,Veiga D.,Lecce,D,0,1,0,0,12.0,6.0,70.0,1.0,92.0,92.0,5.0,0,0,100.0,0,0,0,1,36,5.82,5.69,0.01,0.05,6.8,4,4,393,0,2,2.0,1.0,5.88,6.12,,0.09,6.12,6.12,0,2,393,6.12
4664,Badiashile,Napoli,D,0,1,0,0,18.0,7.0,70.0,1.0,25.0,25.0,74.0,21,146,44.7,2,0,0,0,0,6.0,6.0,0.0,0.0,6.5,1,0,18,0,0,0.0,0.0,5.0,5.0,,,5.0,5.0,0,0,18,5.0
7294,Valdepenas,Fiorentina,D,0,1,0,0,16.0,5.0,70.0,1.0,92.0,92.0,50.0,12,93,68.4,0,0,0,0,0,6.0,6.0,0.0,0.0,7.02,3,2,210,0,0,0.0,0.0,5.33,5.33,0.2,0.07,5.33,5.33,0,0,210,5.33
6495,Comuzzo,Torino,D,0,1,0,0,13.0,8.0,69.0,1.0,92.0,92.0,5.0,0,0,100.0,0,0,0,0,27,5.78,5.78,0.05,0.01,6.57,4,4,355,1,0,3.0,0.0,6.0,6.75,0.15,0.02,6.75,6.75,1,0,355,6.75
5678,Holm,Bologna,D,0,1,0,0,13.0,6.0,69.0,1.0,78.0,78.0,39.5,5,41,86.8,1,0,0,1,18,6.08,6.39,0.0,0.0,6.5,4,3,300,0,0,0.0,0.5,6.12,6.0,0.04,0.03,6.0,6.0,0,0,300,6.0
7599,Lulli,Roma,D,0,1,0,0,10.0,2.0,69.0,1.0,88.0,88.0,5.0,0,0,100.0,0,0,0,1,0,6.0,6.0,0.0,0.0,6.5,4,4,338,0,0,0.0,0.0,6.25,6.25,0.03,0.15,6.25,6.25,0,0,338,6.25
5840,Olivera,Napoli,D,0,1,0,0,13.0,5.0,69.0,1.0,35.0,35.0,30.5,3,28,92.1,1,0,0,1,25,5.78,5.72,0.09,0.04,6.84,3,1,83,0,0,0.0,0.0,5.67,5.67,,,5.67,5.67,0,0,83,5.67
6642,Coco,Torino,D,0,1,0,0,14.0,7.0,69.0,1.0,92.0,92.0,5.0,0,0,100.0,0,0,0,0,35,5.84,5.91,0.03,0.02,6.75,4,4,330,0,0,0.0,0.0,5.88,5.88,0.08,0.01,5.88,5.88,0,0,330,5.88
6660,Marcandalli,Genoa,D,0,1,0,0,14.0,6.0,69.0,1.0,92.0,92.0,14.0,2,14,94.7,0,0,0,0,32,5.88,5.84,0.01,0.03,6.75,4,4,379,0,0,0.0,0.0,5.38,5.38,,0.01,5.38,5.38,0,0,379,5.38
4177,Pavard,Inter,D,0,1,0,0,14.0,6.0,69.0,1.0,35.0,35.0,5.0,0,0,100.0,0,0,0,0,1,6.5,6.5,0.04,0.05,6.91,2,1,131,0,0,0.0,0.0,5.75,5.75,0.02,0.1,5.75,5.75,0,0,131,5.75
2724,Buongiorno,Napoli,D,0,1,0,0,15.0,6.0,69.0,1.0,35.0,35.0,47.0,6,213,84.2,0,1,0,0,33,5.89,5.88,0.05,0.03,6.95,0,0,0,0,0,0.0,0.0,,,,,,,0,0,0,
7012,Provstgaard,Lazio,D,0,1,0,0,13.0,4.0,69.0,1.0,88.0,88.0,5.0,0,0,100.0,0,0,0,0,26,5.92,5.87,0.02,0.02,6.64,4,4,401,0,0,0.0,0.5,5.88,5.75,0.04,0.01,5.75,5.75,0,0,401,5.75
7238,Kouadio,Monza,D,0,1,0,0,14.0,3.0,69.0,1.0,88.0,88.0,5.0,0,0,100.0,0,0,0,0,3,6.0,6.0,0.0,0.0,6.5,4,4,374,0,0,0.0,0.5,5.62,5.5,0.04,0.13,5.5,5.5,0,0,374,5.5
7235,Troilo,Parma,D,0,1,0,0,14.0,3.0,69.0,1.0,92.0,92.0,5.0,0,0,100.0,0,0,0,0,21,5.79,5.71,0.04,0.04,6.83,4,4,382,0,0,0.0,0.5,5.75,5.62,,0.04,5.62,5.62,0,0,382,5.62
5851,Doig,Sassuolo,D,0,1,0,0,10.0,5.0,68.0,1.0,88.0,88.0,5.0,0,0,100.0,0,0,0,1,30,5.87,5.78,0.03,0.05,6.56,4,4,339,1,0,3.0,0.0,6.25,7.0,0.05,0.03,7.0,7.0,1,0,339,7.0
4502,Gallo,Lecce,D,0,1,0,0,12.0,6.0,68.0,1.0,92.0,92.0,9.5,1,6,97.4,0,0,0,1,37,5.95,5.99,0.01,0.09,6.93,3,3,245,0,0,0.0,0.0,5.83,5.83,0.01,0.13,5.83,5.83,0,0,245,5.83
7329,Obrador,Sassuolo,D,0,1,0,0,13.0,6.0,68.0,1.0,40.0,40.0,9.5,1,14,97.4,0,0,0,1,16,6.06,6.41,0.0,0.0,6.5,2,0,52,0,0,0.0,0.0,6.0,6.0,,,6.0,6.0,0,0,52,6.0
4952,Monterisi,Frosinone,D,0,1,0,0,13.0,6.0,68.0,1.0,92.0,92.0,23.0,4,28,89.5,0,0,0,0,0,6.0,6.0,0.0,0.0,6.5,4,2,239,0,0,0.0,0.0,5.88,5.88,0.11,0.02,5.88,5.88,0,0,239,5.88
7268,Rodriguez Ju.,Cagliari,D,0,1,0,0,14.0,4.0,68.0,1.0,92.0,92.0,14.0,2,20,94.7,0,0,0,0,17,5.65,5.74,0.0,0.0,6.5,2,2,197,0,0,0.0,0.0,6.25,6.25,0.01,0.0,6.25,6.25,0,0,197,6.25
7467,Calvani,Frosinone,D,0,1,0,0,13.0,5.0,68.0,1.0,88.0,88.0,5.0,0,0,100.0,0,0,0,0,24,6.06,6.44,0.02,0.01,6.7,4,4,381,0,0,0.0,1.0,6.38,6.12,0.05,0.01,6.12,6.12,0,0,381,6.12
6821,Hainaut,Venezia,D,0,1,0,0,12.0,4.0,67.0,1.0,88.0,88.0,5.0,0,0,100.0,0,0,0,1,0,6.0,6.0,0.0,0.0,6.5,4,4,385,1,1,4.0,0.0,6.12,7.12,0.1,0.29,7.12,7.12,1,1,385,7.12
7563,Favasuli,Napoli,D,0,1,0,0,11.0,4.0,67.0,1.0,35.0,35.0,5.0,0,0,100.0,0,0,0,1,0,6.0,6.0,0.0,0.0,6.5,1,0,51,0,1,1.0,0.0,7.0,8.0,,,8.0,8.0,0,1,51,8.0
7564,Leysen F.,Sassuolo,D,0,1,0,0,12.0,6.0,67.0,1.0,92.0,92.0,18.5,3,18,92.1,0,0,0,0,0,6.0,6.0,0.07,0.02,7.13,4,3,316,0,1,1.0,0.5,6.25,6.38,,0.01,6.38,6.38,0,1,316,6.38
7069,Fortini,Torino,D,0,1,0,0,12.0,6.0,67.0,1.0,78.0,78.0,36.5,7,42,81.6,0,0,0,1,16,5.97,5.97,0.0,0.0,6.5,4,3,236,0,0,0.0,0.0,6.12,6.12,0.02,0.08,6.12,6.12,0,0,236,6.12
7274,Zè Pedro,Cagliari,D,0,1,0,0,13.0,5.0,67.0,1.0,88.0,88.0,41.0,8,64,78.9,0,0,0,0,23,5.78,5.7,0.0,0.0,6.5,4,4,338,0,0,0.0,0.5,6.25,6.12,0.05,0.04,6.12,6.12,0,0,338,6.12
6893,Kempf,Como,D,0,1,0,0,13.0,5.0,67.0,1.0,35.0,35.0,5.0,0,0,100.0,0,0,0,0,34,6.1,6.44,0.11,0.03,7.01,2,1,127,0,0,0.0,0.0,6.25,6.25,0.04,0.01,6.25,6.25,0,0,127,6.25
7175,Joao Mario,Fiorentina,D,0,1,0,0,12.0,3.0,67.0,1.0,35.0,35.0,9.5,1,14,97.4,0,0,0,1,11,5.5,5.36,0.03,0.08,6.5,3,2,194,0,0,0.0,0.0,5.5,5.5,,0.08,5.5,5.5,0,0,194,5.5
6766,Kelly L.,Juventus,D,0,1,0,0,12.0,5.0,67.0,1.0,15.0,15.0,30.5,3,28,92.1,1,0,0,0,35,6.01,6.07,0.03,0.04,7.12,3,1,174,0,0,0.0,0.0,5.5,5.5,0.06,0.01,5.5,5.5,0,0,174,5.5
5578,Kossounou,Atalanta,D,0,1,0,0,12.0,4.0,67.0,1.0,88.0,88.0,23.0,4,28,89.5,0,0,0,0,19,5.95,6.08,0.04,0.02,6.5,4,4,391,0,0,0.0,0.0,5.5,5.5,0.01,0.03,5.5,5.5,0,0,391,5.5
5695,Haps,Venezia,D,0,1,0,0,10.0,5.0,66.0,1.0,92.0,92.0,5.0,0,0,100.0,0,0,0,1,0,6.0,6.0,0.0,0.0,6.5,4,3,276,0,1,1.0,0.5,5.5,5.62,0.12,0.05,5.62,5.62,0,1,276,5.62
6238,Oyono A.,Frosinone,D,0,1,0,0,10.0,6.0,66.0,1.0,78.0,78.0,5.0,0,0,100.0,0,0,0,1,0,6.0,6.0,0.0,0.0,6.5,4,3,333,0,1,1.0,0.5,6.38,6.5,0.07,0.06,6.5,6.5,0,1,333,6.5
7537,Mitaj,Genoa,D,0,1,0,0,10.0,4.0,66.0,1.0,50.0,50.0,5.0,0,0,100.0,0,0,0,1,0,6.0,6.0,0.0,0.0,6.5,0,0,0,0,0,0.0,0.0,,,,,,,0,0,0,
6047,Ehizibue,Genoa,D,0,1,0,0,10.0,4.0,66.0,1.0,50.0,50.0,5.0,0,0,100.0,0,0,0,1,32,5.86,5.97,0.0,0.0,6.5,2,1,92,0,0,0.0,0.5,5.75,5.5,,,5.5,5.5,0,0,92,5.5
5742,Drameh,Genoa,D,0,1,0,0,10.0,3.0,66.0,1.0,50.0,50.0,5.0,0,0,100.0,0,0,0,1,0,6.0,6.0,0.0,0.0,6.5,0,0,0,0,0,0.0,0.0,,,,,,,0,0,0,
6896,Van Der Brempt,Sassuolo,D,0,1,0,0,11.0,2.0,66.0,1.0,60.0,60.0,23.0,4,28,89.5,0,0,0,1,20,5.98,5.98,0.02,0.11,6.5,0,0,0,0,0,0.0,0.0,,,,,,,0,0,0,
5751,Patterson,Torino,D,0,1,0,0,12.0,5.0,66.0,1.0,35.0,35.0,5.0,0,0,100.0,0,0,0,1,0,6.0,6.0,0.0,0.0,6.5,1,0,39,0,0,0.0,0.0,6.0,6.0,,,6.0,6.0,0,0,39,6.0
2169,Rodriguez R.,Torino,D,0,1,0,0,12.0,5.0,66.0,1.0,35.0,35.0,5.0,0,0,100.0,0,0,0,1,17,5.65,5.74,0.0,0.0,6.5,1,0,24,0,0,0.0,0.0,6.0,6.0,,,6.0,6.0,0,0,24,6.0
7131,Floriani Mussolini,Lazio,D,0,1,0,0,10.0,4.0,66.0,1.0,78.0,78.0,26.0,2,28,94.7,1,0,0,1,28,5.77,5.77,0.03,0.06,6.29,4,3,355,0,0,0.0,0.5,5.88,5.75,0.01,0.03,5.75,5.75,0,0,355,5.75
7410,Viery,Fiorentina,D,0,1,0,0,12.0,6.0,66.0,1.0,40.0,40.0,5.0,0,0,100.0,0,0,0,0,0,6.0,6.0,0.0,0.0,6.5,3,2,231,0,0,0.0,0.0,5.67,5.67,,0.01,5.67,5.67,0,0,231,5.67
6202,Beukema,Napoli,D,0,1,0,0,12.0,6.0,66.0,1.0,35.0,35.0,18.5,3,18,92.1,0,0,0,0,24,5.94,6.15,0.09,0.03,6.96,0,0,0,0,0,0.0,0.0,,,,,,,0,0,0,
7240,Siebert,Lecce,D,0,1,0,0,12.0,4.0,66.0,1.0,78.0,78.0,5.0,0,0,100.0,0,0,0,0,21,5.71,5.79,0.02,0.01,6.65,4,3,325,0,0,0.0,0.5,5.62,5.5,0.05,0.08,5.5,5.5,0,0,325,5.5
7326,Helland,Bologna,D,0,1,0,0,12.0,3.0,66.0,1.0,35.0,35.0,9.5,1,6,97.4,0,0,0,0,6,5.5,5.33,0.0,0.0,6.5,2,2,201,0,0,0.0,0.0,6.0,6.0,0.06,0.11,6.0,6.0,0,0,201,6.0
5831,Gatti,Juventus,D,0,1,0,0,10.0,4.0,65.0,1.0,30.0,30.0,36.5,7,56,81.6,0,0,0,0,21,5.95,6.17,0.17,0.01,6.5,1,0,8,1,0,3.0,0.5,7.0,9.5,,,9.5,9.5,1,0,8,9.5
5481,Mazzocchi,Venezia,D,0,1,0,0,10.0,1.0,65.0,1.0,60.0,60.0,23.0,4,32,89.5,0,0,0,1,16,5.97,5.97,0.0,0.0,6.5,0,0,0,0,0,0.0,0.0,,,,,,,0,0,0,
7526,Comert,Torino,D,0,1,0,0,12.0,4.0,65.0,1.0,92.0,92.0,39.5,5,35,86.8,1,0,0,0,0,6.0,6.0,0.0,0.0,6.5,3,3,267,0,1,1.0,0.0,6.0,6.33,0.02,0.02,6.33,6.33,0,1,267,6.33
7255,Britschgi,Parma,D,0,1,0,0,10.0,3.0,65.0,1.0,75.0,75.0,9.5,1,14,97.4,0,0,0,1,29,5.76,5.71,0.02,0.06,6.51,3,3,250,0,0,0.0,0.0,6.0,6.0,0.01,0.02,6.0,6.0,0,0,250,6.0
7014,Smolcic I.,Como,D,0,1,0,0,10.0,4.0,65.0,1.0,35.0,35.0,5.0,0,0,100.0,0,0,0,1,28,5.96,5.86,0.05,0.04,6.96,2,0,46,0,0,0.0,0.0,5.75,5.75,,,5.75,5.75,0,0,46,5.75
5010,Ismajli,Torino,D,0,1,0,0,13.0,7.0,65.0,1.0,35.0,35.0,74.0,12,84,68.4,2,0,0,0,25,5.92,5.9,0.01,0.01,6.95,3,1,183,0,0,0.0,0.0,6.0,6.0,,0.01,6.0,6.0,0,0,183,6.0
4705,Balerdi,Roma,D,0,1,0,0,11.0,6.0,65.0,1.0,35.0,35.0,53.0,8,60,78.9,1,0,0,0,0,6.0,6.0,0.0,0.0,6.5,2,1,127,0,0,0.0,0.0,6.75,6.75,0.12,0.01,6.75,6.75,0,0,127,6.75
4263,Kabasele,Udinese,D,0,1,0,0,12.0,4.0,65.0,1.0,60.0,60.0,5.0,0,0,100.0,0,0,0,0,30,5.98,6.17,0.05,0.0,6.78,2,1,159,0,0,0.0,0.0,5.0,5.0,,0.02,5.0,5.0,0,0,159,5.0
6659,Lucchesi,Monza,D,0,1,0,0,11.0,3.0,65.0,1.0,92.0,92.0,5.0,0,0,100.0,0,0,0,0,0,6.0,6.0,0.0,0.0,6.5,4,4,349,0,0,0.0,1.0,5.5,5.25,0.1,0.0,5.25,5.25,0,0,349,5.25
6631,Ghilardi,Roma,D,0,1,0,0,10.0,5.0,65.0,1.0,55.0,55.0,5.0,0,0,100.0,0,0,0,0,23,5.98,5.96,0.03,0.02,6.73,2,1,134,0,0,0.0,0.0,6.5,6.5,,0.02,6.5,6.5,0,0,134,6.5
6021,Abankwah,Udinese,D,0,1,0,0,10.0,2.0,64.0,1.0,88.0,88.0,5.0,0,0,100.0,0,0,0,0,0,6.0,6.0,0.02,0.02,6.68,4,4,373,1,0,3.0,0.5,6.12,6.75,0.09,0.04,6.75,6.75,1,0,373,6.75
4845,Correia T.,Venezia,D,0,1,0,0,12.0,5.0,64.0,1.0,30.0,30.0,50.0,10,60,73.7,0,0,0,1,0,6.0,6.0,0.02,0.12,6.72,3,1,123,0,0,0.0,0.0,6.17,6.17,0.15,0.08,6.17,6.17,0,0,123,6.17
6632,Gaspar K.,Lecce,D,0,1,0,0,12.0,5.0,64.0,1.0,60.0,60.0,50.0,10,80,73.7,0,0,0,0,23,5.85,5.67,0.04,0.01,6.65,3,3,264,0,0,0.0,1.0,5.33,5.0,0.1,0.0,5.0,5.0,0,0,264,5.0
7068,Vitik,Bologna,D,0,1,0,0,10.0,4.0,64.0,1.0,30.0,30.0,32.0,6,42,84.2,0,0,0,0,19,5.95,5.87,0.02,0.01,6.88,0,0,0,0,0,0.0,0.0,,,,,,,0,0,0,
5307,Valenti,Parma,D,0,1,0,0,10.0,4.0,63.0,1.0,35.0,35.0,32.0,6,38,84.2,0,0,0,0,27,5.96,5.83,0.02,0.03,6.89,1,0,51,0,0,0.0,0.0,6.0,6.0,,,6.0,6.0,0,0,51,6.0
5820,Bertola,Udinese,D,0,1,0,0,10.0,4.0,63.0,1.0,45.0,45.0,27.5,5,42,86.8,0,0,0,0,28,5.88,5.86,0.03,0.04,6.78,3,0,70,0,0,0.0,0.5,5.83,5.67,,,5.67,5.67,0,0,70,5.67
4378,Ranieri L.,Fiorentina,D,0,1,0,0,10.0,3.0,63.0,1.0,20.0,20.0,5.0,0,0,100.0,0,0,0,0,34,5.87,5.81,0.07,0.04,6.81,2,2,185,0,0,0.0,0.0,5.5,5.5,0.02,0.01,5.5,5.5,0,0,185,5.5
4375,Terzic,Frosinone,D,0,1,0,0,8.0,4.0,62.0,1.0,45.0,45.0,14.0,2,12,94.7,0,0,0,1,0,6.0,6.0,0.0,0.0,6.5,2,0,45,0,0,0.0,0.0,5.75,5.75,,,5.75,5.75,0,0,45,5.75
7605,Tchato,Frosinone,D,0,1,0,0,8.0,3.0,62.0,1.0,35.0,35.0,23.0,4,28,89.5,0,0,0,1,0,6.0,6.0,0.0,0.0,6.5,0,0,0,0,0,0.0,0.0,,,,,,,0,0,0,
4925,Carboni A.,Monza,D,0,1,0,0,9.0,3.0,62.0,1.0,88.0,88.0,5.0,0,0,100.0,0,0,0,0,0,6.0,6.0,0.0,0.0,6.5,4,4,374,0,0,0.0,0.0,5.62,5.62,0.12,0.08,5.62,5.62,0,0,374,5.62
6925,Palma,Udinese,D,0,1,0,0,11.0,3.0,62.0,1.0,40.0,40.0,47.0,6,50,84.2,0,1,0,0,5,5.6,5.6,0.0,0.0,6.5,1,1,49,0,0,0.0,0.0,6.5,6.5,,,6.5,6.5,0,0,49,6.5
6892,Schingtienne,Venezia,D,0,1,0,0,10.0,3.0,62.0,1.0,92.0,92.0,5.0,0,0,100.0,0,0,0,0,0,6.0,6.0,0.0,0.0,6.5,4,4,394,0,0,0.0,1.0,5.25,5.0,,0.01,5.0,5.0,0,0,394,5.0
6638,Marin R.,Napoli,D,0,1,0,0,8.0,2.0,62.0,1.0,88.0,88.0,5.0,0,0,100.0,0,0,0,0,11,5.5,5.36,0.0,0.0,6.5,4,4,384,0,0,0.0,0.5,5.5,5.38,0.04,0.01,5.38,5.38,0,0,384,5.38
6046,Hien,Atalanta,D,0,1,0,0,11.0,7.0,62.0,1.0,35.0,35.0,56.0,8,63,78.9,0,1,0,0,28,5.91,5.86,0.04,0.01,6.81,0,0,0,0,0,0.0,0.0,,,,,,,0,0,0,
7154,Odenthal,Sassuolo,D,0,1,0,0,8.0,3.0,61.0,1.0,35.0,35.0,5.0,0,0,100.0,0,0,0,0,1,6.0,6.0,0.0,0.0,6.5,1,1,97,1,0,3.0,0.0,7.0,10.0,,,10.0,10.0,1,0,97,10.0
4751,Tomori,Milan,D,0,1,0,0,8.0,6.0,61.0,1.0,35.0,35.0,5.0,0,0,100.0,0,0,0,0,33,5.97,5.88,0.02,0.03,6.97,0,0,0,0,0,0.0,0.0,,,,,,,0,0,0,
5757,Cittadini,Frosinone,D,0,1,0,0,8.0,4.0,61.0,1.0,78.0,78.0,5.0,0,0,100.0,0,0,0,0,0,6.0,6.0,0.0,0.0,6.5,4,3,257,0,0,0.0,0.5,5.75,5.62,0.03,0.01,5.62,5.62,0,0,257,5.62
4374,Walukiewicz,Sassuolo,D,0,1,0,0,10.0,4.0,61.0,1.0,35.0,35.0,59.0,6,58,84.2,1,1,0,0,34,5.81,5.74,0.01,0.07,6.8,0,0,0,0,0,0.0,0.0,,,,,,,0,0,0,
256,Juan Jesus,Venezia,D,0,1,0,0,10.0,4.0,61.0,1.0,50.0,50.0,5.0,0,0,100.0,0,0,0,0,24,5.88,5.67,0.0,0.0,6.5,1,0,26,0,0,0.0,0.0,6.0,6.0,,,6.0,6.0,0,0,26,6.0
7538,Halhal,Venezia,D,0,1,0,0,10.0,3.0,61.0,1.0,35.0,35.0,36.5,7,62,81.6,0,0,0,0,0,6.0,6.0,0.03,0.03,6.9,2,2,153,0,0,0.0,2.5,4.75,3.5,0.07,0.0,3.5,3.5,0,0,153,3.5
2728,Pellegrini Lu.,Lazio,D,0,1,0,0,7.0,2.0,61.0,1.0,25.0,25.0,47.0,6,207,84.2,0,0,0,1,24,5.85,5.81,0.32,0.19,6.92,0,0,0,0,0,0.0,0.0,,,,,,,0,0,0,
7483,Alhassane,Bologna,D,0,1,0,0,6.0,2.0,60.0,1.0,50.0,50.0,5.0,0,0,100.0,0,0,0,1,0,6.0,6.0,0.0,0.06,6.64,2,2,148,0,0,0.0,0.0,5.75,5.75,0.17,0.03,5.75,5.75,0,0,148,5.75
2640,Kolasinac,Atalanta,D,0,1,0,0,8.0,6.0,60.0,1.0,78.0,78.0,70.0,11,177,71.1,0,0,0,0,19,6.03,5.95,0.01,0.02,6.5,4,3,248,0,0,0.0,0.0,5.75,5.75,0.01,0.03,5.75,5.75,0,0,248,5.75
7532,Kofler,Cagliari,D,0,1,0,0,8.0,5.0,60.0,1.0,35.0,35.0,5.0,0,0,100.0,0,0,0,0,0,6.0,6.0,0.0,0.0,6.5,3,0,88,0,0,0.0,0.0,6.0,6.0,,,6.0,6.0,0,0,88,6.0
5603,Pongracic,Fiorentina,D,0,1,0,0,8.0,4.0,60.0,1.0,40.0,40.0,5.0,0,0,100.0,0,0,0,0,35,5.84,5.67,0.02,0.02,6.82,2,1,70,0,0,0.0,0.0,5.5,5.5,,,5.5,5.5,0,0,70,5.5
6601,Kambwala,Como,D,0,1,0,0,8.0,3.0,60.0,1.0,35.0,35.0,50.0,37,259,10.0,0,0,0,0,0,6.0,6.0,0.0,0.0,6.5,0,0,0,0,0,0.0,0.0,,,,,,,0,0,0,
7260,Ziolkowski,Monza,D,0,1,0,0,8.0,1.0,60.0,1.0,75.0,75.0,33.5,3,30,92.1,0,1,0,0,18,5.97,5.89,0.0,0.0,6.5,0,0,0,0,0,0.0,0.0,,,,,,,0,0,0,
7253,Bella-Kotchap,Venezia,D,0,1,0,0,13.0,5.0,60.0,1.0,92.0,92.0,89.0,16,135,57.9,2,1,0,0,19,5.84,5.76,0.01,0.02,6.5,3,3,212,0,0,0.0,0.0,5.33,5.33,0.12,0.01,5.33,5.33,0,0,212,5.33
5527,Zanoli,Udinese,D,0,1,0,0,10.0,4.0,59.0,1.0,35.0,35.0,85.0,19,404,50.0,0,1,0,1,19,6.05,6.29,0.01,0.07,6.94,0,0,0,0,0,0.0,0.0,,,,,,,0,0,0,
7312,Arizala,Udinese,D,0,1,0,0,8.0,4.0,59.0,1.0,35.0,35.0,38.0,4,36,89.5,0,1,0,1,10,5.9,5.9,0.0,0.0,6.5,1,0,10,0,0,0.0,0.0,6.0,6.0,,,6.0,6.0,0,0,10,6.0
7202,Ndiaye,Parma,D,0,1,0,0,8.0,2.0,59.0,1.0,35.0,35.0,50.0,16,96,57.9,0,0,0,0,11,5.59,5.36,0.0,0.0,6.5,1,1,99,0,0,0.0,0.0,6.0,6.0,,,6.0,6.0,0,0,99,6.0
2263,Lazzari,Lazio,D,0,1,0,0,5.0,2.0,59.0,1.0,25.0,25.0,32.0,6,42,84.2,0,0,0,1,23,5.85,5.8,0.01,0.03,6.5,2,0,28,0,0,0.0,0.0,6.0,6.0,,,6.0,6.0,0,0,28,6.0
7573,Cinquegrano,Sassuolo,D,0,1,0,0,4.0,2.0,58.0,1.0,88.0,88.0,5.0,0,0,100.0,0,0,0,1,0,6.0,6.0,0.0,0.0,6.5,4,4,391,0,1,1.0,0.0,6.0,6.25,0.08,0.02,6.25,6.25,0,1,391,6.25
252,Biraghi,Torino,D,0,1,0,0,5.0,2.0,58.0,1.0,25.0,25.0,14.0,2,14,94.7,0,0,0,1,14,5.68,5.68,0.0,0.0,6.5,0,0,0,0,0,0.0,0.0,,,,,,,0,0,0,
7548,Aurelio,Cagliari,D,0,1,0,0,5.0,2.0,58.0,1.0,25.0,25.0,5.0,0,0,100.0,0,0,0,1,0,6.0,6.0,0.0,0.0,6.5,1,0,9,0,0,0.0,0.0,6.0,6.0,,,6.0,6.0,0,0,9,6.0
5449,Parisi,Fiorentina,D,0,1,0,0,10.0,4.0,58.0,1.0,35.0,35.0,80.5,9,368,76.3,0,1,0,1,23,6.02,5.98,0.08,0.1,6.94,0,0,0,0,0,0.0,0.0,,,,,,,0,0,0,
7540,Akpoguma,Frosinone,D,0,1,0,0,6.0,3.0,58.0,1.0,25.0,25.0,5.0,0,0,100.0,0,0,0,0,0,6.0,6.0,0.0,0.0,6.5,0,0,0,0,0,0.0,0.0,,,,,,,0,0,0,
791,Sabelli,Genoa,D,0,1,0,0,5.0,2.0,57.0,1.0,25.0,25.0,5.0,0,0,100.0,0,0,0,1,16,5.84,5.72,0.0,0.0,6.5,1,1,47,0,0,0.0,0.0,5.0,5.0,,,5.0,5.0,0,0,47,5.0
7182,Ndaba,Lecce,D,0,1,0,0,5.0,2.0,57.0,1.0,25.0,25.0,5.0,0,0,100.0,0,0,0,1,14,5.68,5.68,0.0,0.0,6.5,2,1,148,0,0,0.0,0.0,5.5,5.5,,0.01,5.5,5.5,0,0,148,5.5
487,De Silvestri,Bologna,D,0,1,0,0,4.0,1.0,57.0,1.0,25.0,25.0,18.5,3,26,92.1,0,0,0,1,12,6.04,5.96,0.0,0.0,6.5,0,0,0,0,0,0.0,0.0,,,,,,,0,0,0,
6985,Candè,Sassuolo,D,0,1,0,0,7.0,3.0,57.0,1.0,25.0,25.0,70.0,20,264,47.4,0,1,0,0,12,5.79,5.71,0.0,0.0,6.5,0,0,0,0,0,0.0,0.0,,,,,,,0,0,0,
5994,Ebosse,Udinese,D,0,1,0,0,5.0,3.0,57.0,1.0,78.0,78.0,5.0,0,0,100.0,0,0,0,0,17,5.76,5.71,0.0,0.0,6.5,4,3,318,0,0,0.0,0.0,5.62,5.62,,0.02,5.62,5.62,0,0,318,5.62
7476,Bakoune,Monza,D,0,1,0,0,4.0,2.0,56.0,1.0,25.0,25.0,14.0,2,21,94.7,0,0,0,1,0,6.0,6.0,0.0,0.0,6.5,3,1,136,0,0,0.0,0.0,5.83,5.83,0.03,0.01,5.83,5.83,0,0,136,5.83
6890,Moreno M.,Venezia,D,0,1,0,0,6.0,4.0,56.0,1.0,25.0,25.0,5.0,0,0,100.0,0,0,0,0,0,6.0,6.0,0.04,0.03,6.8,2,1,94,0,0,0.0,0.5,5.25,5.0,,,5.0,5.0,0,0,94,5.0
5498,Casale,Bologna,D,0,1,0,0,5.0,3.0,56.0,1.0,25.0,25.0,62.0,11,84,71.1,1,0,0,0,12,5.71,5.71,0.0,0.0,6.5,0,0,0,0,0,0.0,0.0,,,,,,,0,0,0,
7525,Diawara S.,Milan,D,0,1,0,0,4.0,2.0,56.0,1.0,25.0,25.0,5.0,0,0,100.0,0,0,0,0,0,6.0,6.0,0.0,0.0,6.5,0,0,0,0,0,0.0,0.0,,,,,,,0,0,0,
6537,Goglichidze,Monza,D,0,1,0,0,5.0,2.0,56.0,1.0,40.0,40.0,5.0,0,0,100.0,0,0,0,0,8,5.81,5.69,0.0,0.0,6.5,0,0,0,0,0,0.0,0.0,,,,,,,0,0,0,
5812,Terracciano F.,Milan,D,0,1,0,0,4.0,2.0,56.0,1.0,15.0,15.0,5.0,0,0,100.0,0,0,0,0,36,5.86,5.83,0.06,0.02,6.73,1,0,9,0,0,0.0,0.0,6.0,6.0,,,6.0,6.0,0,0,9,6.0
294,Rugani,Juventus,D,0,1,0,0,3.0,1.0,56.0,1.0,25.0,25.0,14.0,2,14,94.7,0,0,0,0,12,5.79,5.71,0.0,0.0,6.5,0,0,0,0,0,0.0,0.0,,,,,,,0,0,0,
6681,Sagrado,Venezia,D,0,1,0,0,4.0,2.0,55.0,1.0,25.0,25.0,5.0,0,0,100.0,0,0,0,1,0,6.0,6.0,0.0,0.0,6.5,3,1,166,1,0,3.0,0.0,6.0,7.0,0.67,0.03,7.0,7.0,1,0,166,7.0
7413,Puczka,Genoa,D,0,1,0,0,3.0,2.0,55.0,1.0,25.0,25.0,9.5,1,6,97.4,0,0,0,1,0,6.0,6.0,0.0,0.0,6.5,0,0,0,0,0,0.0,0.0,,,,,,,0,0,0,
6149,Carboni F.,Parma,D,0,1,0,0,3.0,1.0,55.0,1.0,25.0,25.0,5.0,0,0,100.0,0,0,0,1,7,6.0,6.0,0.0,0.0,6.5,0,0,0,0,0,0.0,0.0,,,,,,,0,0,0,
6673,Sverko,Venezia,D,0,1,0,0,7.0,3.0,55.0,1.0,25.0,25.0,33.5,3,180,92.1,0,1,0,0,0,6.0,6.0,0.0,0.0,6.5,0,0,0,0,0,0.0,0.0,,,,,,,0,0,0,
6977,Otoa,Genoa,D,0,1,0,0,5.0,2.0,54.0,1.0,25.0,25.0,65.0,8,70,78.9,2,0,0,0,13,5.69,5.5,0.0,0.0,6.5,1,0,30,0,0,0.0,0.0,4.5,4.5,,,4.5,4.5,0,0,30,4.5
6039,Cabal,Juventus,D,0,1,0,0,4.0,1.0,54.0,1.0,25.0,25.0,77.0,18,128,52.6,1,1,0,1,12,5.96,6.42,0.0,0.0,6.5,0,0,0,0,0,0.0,0.0,,,,,,,0,0,0,
6883,Jean,Lecce,D,0,1,0,0,4.0,2.0,53.0,1.0,25.0,25.0,70.0,16,224,57.9,0,0,0,0,7,5.86,5.79,0.0,0.0,6.5,0,0,0,0,0,0.0,0.0,,,,,,,0,0,0,
6809,Marianucci,Napoli,D,0,1,0,0,3.0,1.0,53.0,1.0,25.0,25.0,38.0,4,201,89.5,0,1,0,0,12,5.75,5.75,0.0,0.0,6.5,0,0,0,0,0,0.0,0.0,,,,,,,0,0,0,
6826,Dembelè A.,Lecce,D,0,1,0,0,2.0,1.0,53.0,1.0,25.0,25.0,5.0,0,0,100.0,0,0,0,1,2,5.5,5.5,0.0,0.0,6.5,0,0,0,0,0,0.0,0.0,,,,,,,0,0,0,
5424,Amey,Frosinone,D,0,1,0,0,1.0,1.0,52.0,1.0,35.0,35.0,26.0,2,28,94.7,1,0,0,0,0,6.0,6.0,0.0,0.0,6.5,1,0,11,0,0,0.0,0.0,6.0,6.0,,,6.0,6.0,0,0,11,6.0
327,Patric,Lazio,D,0,1,0,0,1.0,1.0,52.0,1.0,25.0,25.0,62.0,11,90,71.1,1,0,0,0,14,5.89,5.82,0.0,0.0,6.5,0,0,0,0,0,0.0,0.0,,,,,,,0,0,0,
7553,Omar Fayed,Frosinone,D,0,1,0,0,1.0,1.0,52.0,1.0,25.0,25.0,5.0,0,0,100.0,0,0,0,0,8,5.75,5.69,0.0,0.0,6.5,0,0,0,0,0,0.0,0.0,,,,,,,0,0,0,
7478,Franjic,Venezia,D,0,1,0,0,7.0,3.0,51.0,1.0,25.0,25.0,65.0,12,234,68.4,0,1,0,1,0,6.0,6.0,0.0,0.0,6.5,2,1,145,0,0,0.0,0.0,5.75,5.75,0.18,0.02,5.75,5.75,0,0,145,5.75
7615,Drobnic,Parma,D,0,1,0,0,1.0,2.0,51.0,1.0,25.0,25.0,5.0,0,0,100.0,0,0,0,0,0,6.0,6.0,0.0,0.0,6.5,1,1,100,0,0,0.0,0.0,5.5,5.5,,,5.5,5.5,0,0,100,5.5
418,Goldaniga,Como,D,0,1,0,0,1.0,1.0,51.0,1.0,25.0,25.0,50.0,16,96,57.9,0,0,0,0,2,6.0,6.0,0.0,0.0,6.5,0,0,0,0,0,0.0,0.0,,,,,,,0,0,0,
7604,Maye,Monza,D,0,1,0,0,1.0,1.0,51.0,1.0,25.0,25.0,5.0,0,0,100.0,0,0,0,0,0,6.0,6.0,0.0,0.0,6.5,1,0,15,0,0,0.0,0.0,6.0,6.0,,,6.0,6.0,0,0,15,6.0
7125,Idrissi R.,Cagliari,D,0,1,0,0,3.0,3.0,50.0,1.0,25.0,25.0,85.0,13,330,65.8,0,1,0,1,23,5.87,6.07,0.06,0.02,6.5,0,0,0,0,0,0.0,0.0,,,,,,,0,0,0,
5399,Antov,Monza,D,0,1,0,0,2.0,1.0,50.0,1.0,25.0,25.0,70.0,18,252,52.6,0,0,0,0,0,6.0,6.0,0.0,0.0,6.5,0,0,0,0,0,0.0,0.0,,,,,,,0,0,0,
7454,Gomes,Venezia,D,0,1,0,0,1.0,1.0,49.0,1.0,25.0,25.0,50.0,14,114,63.2,0,0,0,0,0,6.0,6.0,0.2,0.04,6.43,0,0,0,0,0,0.0,0.0,,,,,,,0,0,0,
7156,Pieragnolo,Sassuolo,D,0,1,0,0,1.0,1.0,48.0,1.0,25.0,25.0,85.0,36,642,10.0,0,1,0,1,0,6.0,6.0,0.0,0.0,6.5,0,0,0,0,0,0.0,0.0,,,,,,,0,0,0,
5841,Svilar,Roma,P,1,0,0,0,85.0,19.0,98.0,63.0,92.0,92.0,5.0,0,0,100.0,0,0,0,0,38,6.26,5.45,0.0,0.0,7.26,4,4,388,0,0,0.0,1.0,6.25,6.0,,0.0,0.0952,6.0,0,0,388,0.0952
4964,Vicario,Juventus,P,1,0,0,0,70.0,17.0,97.0,63.0,92.0,92.0,27.5,5,30,86.8,0,0,0,0,0,6.0,6.0,0.0,0.0,6.68,4,4,391,0,0,0.0,4.0,6.12,5.12,,0.0,0.0813,5.12,0,0,391,0.0813
5116,Martinez Jo.,Inter,P,1,0,0,0,68.0,17.0,94.0,61.0,92.0,92.0,18.5,3,24,92.1,0,0,0,0,5,6.0,5.2,0.0,0.0,6.5,4,4,390,0,0,0.0,6.0,5.88,4.38,,0.0,0.0718,4.38,0,0,390,0.0718
4431,Carnesecchi,Atalanta,P,1,0,0,0,55.0,17.0,87.0,52.0,92.0,92.0,5.0,0,0,100.0,0,0,0,0,37,6.36,5.58,0.0,0.0,7.23,4,4,391,0,0,1.0,5.0,6.75,5.75,,0.0,0.1106,5.75,0,0,391,0.1106
4312,Maignan,Milan,P,1,0,0,0,52.0,15.0,85.0,48.0,88.0,88.0,9.5,1,14,97.4,0,0,0,0,37,6.26,5.42,0.0,0.0,7.25,4,4,390,0,0,0.0,4.0,6.12,5.12,,0.0,0.1067,5.12,0,0,390,0.1067
6966,Butez,Como,P,1,0,0,0,50.0,15.0,82.0,42.0,85.0,85.0,5.0,0,0,100.0,0,0,0,0,38,6.07,5.37,0.0,0.0,7.38,3,3,296,0,0,0.0,3.0,5.83,4.83,,0.0,0.115,4.83,0,0,296,0.115
6482,Mandas,Lazio,P,1,0,0,0,36.0,10.0,77.0,30.0,92.0,92.0,5.0,0,0,100.0,0,0,0,0,0,6.0,6.0,0.0,0.0,6.5,4,4,401,0,0,0.0,3.0,6.38,5.62,,0.0,0.1873,5.62,0,0,401,0.1873
572,Meret,Napoli,P,1,0,0,0,48.0,11.0,77.0,28.0,75.0,75.0,65.0,15,119,60.5,0,1,0,0,11,6.23,5.18,0.0,0.0,6.5,3,3,300,0,0,0.0,5.0,6.33,4.67,,0.0,0.1668,4.67,0,0,300,0.1668
2521,De Gea,Fiorentina,P,1,0,0,0,30.0,11.0,72.0,22.0,92.0,92.0,5.0,0,0,100.0,0,0,0,0,37,6.24,5.0,0.0,0.0,6.77,4,4,389,0,0,0.0,11.0,5.62,2.88,,0.0,0.1309,2.88,0,0,389,0.1309
2134,Falcone,Lecce,P,1,0,0,0,26.0,8.0,70.0,20.0,92.0,92.0,5.0,0,0,100.0,0,0,0,0,38,6.41,5.22,0.0,0.0,7.11,4,4,393,0,0,0.0,7.5,6.12,4.25,,0.0,0.2125,4.25,0,0,393,0.2125
6462,Okoye,Udinese,P,1,0,0,0,28.0,9.0,70.0,19.0,92.0,92.0,5.0,0,0,100.0,0,0,0,0,30,6.07,5.08,0.0,0.0,7.01,4,4,393,0,0,0.0,10.0,6.38,3.88,,0.0,0.2042,3.88,0,0,393,0.2042
4360,Caprile,Cagliari,P,1,0,0,0,25.0,10.0,70.0,18.0,88.0,88.0,5.0,0,0,100.0,0,0,0,0,38,6.29,4.87,0.0,0.0,6.95,4,4,394,0,0,0.0,2.0,6.38,5.88,,0.0,0.3267,5.88,0,0,394,0.3267
133,Skorupski,Bologna,P,1,0,0,0,32.0,10.0,69.0,18.0,85.0,85.0,74.0,14,98,63.2,2,0,0,0,19,6.18,5.32,0.0,0.0,6.5,3,3,300,0,0,0.0,4.0,5.83,4.5,,0.0,0.25,4.5,0,0,300,0.25
6534,Perri,Torino,P,1,0,0,0,26.0,9.0,67.0,17.0,85.0,85.0,23.0,4,24,89.5,0,0,0,0,9,6.11,5.11,0.0,0.0,6.5,2,2,196,0,0,0.0,3.0,5.5,4.0,,0.0,0.2353,4.0,0,0,196,0.2353
6344,Sanchez Ro.,Como,P,1,0,0,0,25.0,8.0,65.0,15.0,15.0,15.0,5.0,0,0,100.0,0,0,0,0,0,6.0,6.0,0.0,0.0,6.5,1,1,95,0,0,0.0,1.0,6.0,5.0,,,0.3333,5.0,0,0,95,0.3333
4236,Muric,Sassuolo,P,1,0,0,0,15.0,7.0,63.0,9.0,92.0,92.0,5.0,0,0,100.0,0,0,0,0,32,6.08,4.77,0.0,0.0,7.29,4,4,391,0,0,0.0,7.0,5.88,4.12,,0.0,0.4578,4.12,0,0,391,0.4578
7332,Bijlow,Genoa,P,1,0,0,0,15.0,8.0,61.0,8.0,92.0,92.0,5.0,0,0,100.0,0,0,0,0,16,6.06,4.78,0.0,0.0,6.5,4,4,392,0,0,0.0,8.0,5.75,3.75,,0.0,0.4688,3.75,0,0,392,0.4688
6415,Palmisani,Frosinone,P,1,0,0,0,12.0,5.0,61.0,8.0,88.0,88.0,5.0,0,0,100.0,0,0,0,0,0,6.0,6.0,0.0,0.0,6.5,4,4,403,0,0,0.0,4.0,6.38,5.38,,0.0,0.6725,5.38,0,0,403,0.6725
6248,Stankovic F.,Venezia,P,1,0,0,0,11.0,6.0,58.0,5.0,92.0,92.0,5.0,0,0,100.0,0,0,0,0,0,6.0,6.0,0.0,0.0,6.5,4,4,394,0,0,0.0,11.0,6.0,3.25,,0.0,0.65,3.25,0,0,394,0.65
6662,Corvi,Parma,P,1,0,0,0,10.0,2.0,58.0,4.0,92.0,92.0,5.0,0,0,100.0,0,0,0,0,17,6.18,5.09,0.0,0.0,6.5,4,4,393,0,0,0.0,6.0,6.12,4.62,,0.0,1.155,4.62,0,0,393,1.155
7301,Tornqvist,Monza,P,1,0,0,0,10.0,1.0,56.0,3.0,50.0,50.0,5.0,0,0,100.0,0,0,0,0,0,6.0,6.0,0.0,0.0,6.5,0,0,0,0,0,0.0,0.0,,,,,,,0,0,0,
2170,Milinkovic-Savic V.,Napoli,P,1,0,0,0,5.0,5.0,55.0,3.0,25.0,25.0,14.0,2,14,94.7,0,0,0,0,27,6.2,5.65,0.0,0.0,7.16,1,1,99,0,0,0.0,0.0,6.0,6.0,,,2.0,6.0,0,0,99,2.0
7411,Daffara,Parma,P,1,0,0,0,7.0,6.0,54.0,3.0,25.0,25.0,5.0,0,0,100.0,0,0,0,0,0,6.0,6.0,0.0,0.0,6.5,0,0,0,0,0,0.0,0.0,,,,,,,0,0,0,
2814,Provedel,Inter,P,1,0,0,0,5.0,2.0,54.0,1.0,25.0,25.0,50.0,11,88,71.1,0,0,0,0,27,6.26,5.35,0.0,0.0,7.21,0,0,0,0,0,0.0,0.0,,,,,,,0,0,0,
4485,Thiam,Monza,P,1,0,0,0,5.0,4.0,53.0,1.0,50.0,50.0,5.0,0,0,100.0,0,0,0,0,0,6.0,6.0,0.0,0.0,6.5,3,3,294,0,0,0.0,7.0,5.17,2.83,,0.0,2.83,2.83,0,0,294,2.83
7457,Mascardi,Torino,P,1,0,0,0,5.0,1.0,53.0,1.0,15.0,15.0,5.0,0,0,100.0,0,0,0,0,0,6.0,6.0,0.0,0.0,6.5,2,2,193,0,0,0.0,4.0,5.75,3.75,,0.0,3.75,3.75,0,0,193,3.75
7603,Grabara,Juventus,P,1,0,0,0,1.0,1.0,53.0,1.0,25.0,25.0,9.5,1,14,97.4,0,0,0,0,0,6.0,6.0,0.0,0.0,6.84,0,0,0,0,0,0.0,0.0,,,,,,,0,0,0,
4,Sportiello,Atalanta,P,1,0,0,0,1.0,1.0,52.0,1.0,25.0,25.0,5.0,0,0,100.0,0,0,0,0,1,5.5,4.5,0.0,0.0,6.5,0,0,0,0,0,0.0,0.0,,,,,,,0,0,0,
1930,Pinsoglio,Juventus,P,1,0,0,0,1.0,1.0,52.0,1.0,25.0,25.0,50.0,12,83,68.4,0,0,0,0,0,6.0,6.0,0.0,0.0,6.5,0,0,0,0,0,0.0,0.0,,,,,,,0,0,0,
7337,Motta,Lazio,P,1,0,0,0,1.0,1.0,52.0,1.0,25.0,25.0,14.0,2,14,94.7,0,0,0,0,9,6.0,5.17,0.0,0.0,6.5,0,0,0,0,0,0.0,0.0,,,,,,,0,0,0,
7534,Renzetti,Lazio,P,1,0,0,0,1.0,1.0,52.0,1.0,25.0,25.0,5.0,0,0,100.0,0,0,0,0,0,6.0,6.0,0.0,0.0,6.5,0,0,0,0,0,0.0,0.0,,,,,,,0,0,0,
2815,Terracciano,Milan,P,1,0,0,0,1.0,1.0,52.0,1.0,15.0,15.0,5.0,0,0,100.0,0,0,0,0,2,6.0,6.0,0.06,0.02,6.73,1,0,9,0,0,0.0,0.0,,,,,,,0,0,9,
6813,Torriani,Milan,P,1,0,0,0,1.0,1.0,52.0,1.0,25.0,25.0,14.0,2,12,94.7,0,0,0,0,0,6.0,6.0,0.0,0.0,6.5,0,0,0,0,0,0.0,0.0,,,,,,,0,0,0,
2845,Contini,Napoli,P,1,0,0,0,1.0,1.0,52.0,1.0,25.0,25.0,32.0,6,36,84.2,0,0,0,0,1,6.0,6.0,0.0,0.0,6.5,0,0,0,0,0,0.0,0.0,,,,,,,0,0,0,
7048,De Marzi,Roma,P,1,0,0,0,1.0,1.0,52.0,1.0,25.0,25.0,5.0,0,0,100.0,0,0,0,0,0,6.0,6.0,0.0,0.0,6.5,0,0,0,0,0,0.0,0.0,,,,,,,0,0,0,
610,Gollini,Roma,P,1,0,0,0,1.0,1.0,52.0,1.0,25.0,25.0,23.0,4,27,89.5,0,0,0,0,0,6.0,6.0,0.0,0.0,6.5,0,0,0,0,0,0.0,0.0,,,,,,,0,0,0,
7626,Pompei,Atalanta,P,1,0,0,0,1.0,1.0,52.0,1.0,25.0,25.0,5.0,0,0,100.0,0,0,0,0,0,6.0,6.0,0.0,0.0,6.5,0,0,0,0,0,0.0,0.0,,,,,,,0,0,0,
7533,Happonen,Bologna,P,1,0,0,0,1.0,1.0,51.0,1.0,15.0,15.0,5.0,0,0,100.0,0,0,0,0,0,6.0,6.0,0.0,0.0,6.5,0,0,0,0,0,0.0,0.0,,,,,,,0,0,0,
7172,Pessina Mas.,Bologna,P,1,0,0,0,1.0,1.0,51.0,1.0,25.0,25.0,33.5,3,180,92.1,0,0,0,0,4,6.12,5.62,0.0,0.0,6.5,1,1,99,0,0,0.0,1.0,6.0,5.0,,,5.0,5.0,0,0,99,5.0
6650,Sherri,Cagliari,P,1,0,0,0,1.0,1.0,51.0,1.0,15.0,15.0,36.5,7,42,81.6,0,0,0,0,0,6.0,6.0,0.0,0.0,6.5,0,0,0,0,0,0.0,0.0,,,,,,,0,0,0,
2809,Vigorito,Como,P,1,0,0,0,1.0,1.0,51.0,1.0,25.0,25.0,5.0,0,0,100.0,0,0,0,0,0,6.0,6.0,0.0,0.0,6.5,0,0,0,0,0,0.0,0.0,,,,,,,0,0,0,
6403,Christensen O.,Fiorentina,P,1,0,0,0,1.0,1.0,51.0,1.0,25.0,25.0,5.0,0,0,100.0,0,0,0,0,1,7.5,6.5,0.0,0.0,6.5,0,0,0,0,0,0.0,0.0,,,,,,,0,0,0,
158,Lezzerini,Fiorentina,P,1,0,0,0,1.0,1.0,51.0,1.0,25.0,25.0,23.0,4,28,89.5,0,0,0,0,1,6.0,6.0,0.0,0.0,6.5,0,0,0,0,0,0.0,0.0,,,,,,,0,0,0,
7466,Lolic,Frosinone,P,1,0,0,0,1.0,1.0,51.0,1.0,15.0,15.0,5.0,0,0,100.0,0,0,0,0,0,6.0,6.0,0.0,0.0,6.5,0,0,0,0,0,0.0,0.0,,,,,,,0,0,0,
1926,Di Gennaro,Inter,P,1,0,0,0,1.0,1.0,51.0,1.0,25.0,25.0,50.0,15,90,60.5,0,0,0,0,1,6.0,5.0,0.0,0.0,6.5,0,0,0,0,0,0.0,0.0,,,,,,,0,0,0,
4518,Russo A.,Sassuolo,P,1,0,0,0,1.0,1.0,51.0,1.0,25.0,25.0,5.0,0,0,100.0,0,0,0,0,0,6.0,6.0,0.0,0.0,6.5,0,0,0,0,0,0.0,0.0,,,,,,,0,0,0,
4867,Turati,Sassuolo,P,1,0,0,0,1.0,1.0,51.0,1.0,25.0,25.0,32.0,6,40,84.2,0,0,0,0,6,6.17,5.0,0.0,0.0,6.5,0,0,0,0,0,0.0,0.0,,,,,,,0,0,0,
7363,Siviero,Torino,P,1,0,0,0,1.0,1.0,51.0,1.0,25.0,25.0,5.0,0,0,100.0,0,0,0,0,0,6.0,6.0,0.0,0.0,6.5,0,0,0,0,0,0.0,0.0,,,,,,,0,0,0,
2127,Satalino,Sassuolo,P,1,0,0,0,1.0,1.0,51.0,1.0,25.0,25.0,5.0,0,0,100.0,0,0,0,0,0,6.0,6.0,0.0,0.0,6.5,0,0,0,0,0,0.0,0.0,,,,,,,0,0,0,
7560,Pisseri,Frosinone,P,1,0,0,0,1.0,1.0,51.0,1.0,25.0,25.0,5.0,0,0,100.0,0,0,0,0,0,6.0,6.0,0.0,0.0,6.5,0,0,0,0,0,0.0,0.0,,,,,,,0,0,0,
7463,Desplanches,Frosinone,P,1,0,0,0,1.0,2.0,50.0,1.0,25.0,25.0,50.0,13,91,65.8,0,0,0,0,0,6.0,6.0,0.0,0.0,6.5,0,0,0,0,0,0.0,0.0,,,,,,,0,0,0,
219,Sommariva,Genoa,P,1,0,0,0,1.0,1.0,50.0,1.0,25.0,25.0,5.0,0,0,100.0,0,0,0,0,2,5.75,3.75,0.0,0.0,6.5,0,0,0,0,0,0.0,0.0,,,,,,,0,0,0,
6569,Stolz,Genoa,P,1,0,0,0,1.0,1.0,50.0,1.0,25.0,25.0,45.5,9,54,76.3,0,0,0,0,0,6.0,6.0,0.0,0.0,6.5,0,0,0,0,0,0.0,0.0,,,,,,,0,0,0,
7475,Strajnar,Monza,P,1,0,0,0,1.0,1.0,50.0,1.0,25.0,25.0,5.0,0,0,100.0,0,0,0,0,0,6.0,6.0,0.0,0.0,6.5,0,0,0,0,0,0.0,0.0,,,,,,,0,0,0,
543,Padelli,Udinese,P,1,0,0,0,1.0,1.0,50.0,1.0,25.0,25.0,18.5,3,24,92.1,0,0,0,0,2,6.25,5.25,0.0,0.0,6.5,0,0,0,0,0,0.0,0.0,,,,,,,0,0,0,
5707,Piana,Udinese,P,1,0,0,0,1.0,1.0,50.0,1.0,25.0,25.0,5.0,0,0,100.0,0,0,0,0,0,6.0,6.0,0.0,0.0,6.5,0,0,0,0,0,0.0,0.0,,,,,,,0,0,0,
7557,Penev,Lecce,P,1,0,0,0,1.0,1.0,50.0,1.0,25.0,25.0,5.0,0,0,100.0,0,0,0,0,0,6.0,6.0,0.0,0.0,6.5,0,0,0,0,0,0.0,0.0,,,,,,,0,0,0,
3,Radunovic,Cagliari,P,1,0,0,0,1.0,1.0,50.0,1.0,25.0,25.0,45.5,9,63,76.3,0,0,0,0,0,6.0,6.0,0.0,0.0,6.5,0,0,0,0,0,0.0,0.0,,,,,,,0,0,0,
4468,Bleve,Lecce,P,1,0,0,0,1.0,1.0,50.0,1.0,25.0,25.0,5.0,0,0,100.0,0,0,0,0,0,6.0,6.0,0.0,0.0,6.5,0,0,0,0,0,0.0,0.0,,,,,,,0,0,0,
7611,Mrozek,Udinese,P,1,0,0,0,1.0,1.0,50.0,1.0,25.0,25.0,9.5,1,6,97.4,0,0,0,0,0,6.0,6.0,0.0,0.0,6.5,0,0,0,0,0,0.0,0.0,,,,,,,0,0,0,
2874,Ghidotti,Parma,P,1,0,0,0,1.0,1.0,50.0,1.0,25.0,25.0,5.0,0,0,100.0,0,0,0,0,0,6.0,6.0,0.0,0.0,6.5,0,0,0,0,0,0.0,0.0,,,,,,,0,0,0,
6671,Grandi,Venezia,P,1,0,0,0,1.0,1.0,49.0,1.0,25.0,25.0,5.0,0,0,100.0,0,0,0,0,0,6.0,6.0,0.0,0.0,6.5,0,0,0,0,0,0.0,0.0,,,,,,,0,0,0,
7531,Pozzi,Venezia,P,1,0,0,0,1.0,1.0,49.0,1.0,25.0,25.0,5.0,0,0,100.0,0,0,0,0,0,6.0,6.0,0.01,0.19,6.42,0,0,0,0,0,0.0,0.0,,,,,,,0,0,0,
4957,Montipò,Venezia,P,1,0,0,0,1.0,1.0,49.0,1.0,25.0,25.0,5.0,0,0,100.0,0,0,0,0,35,6.2,4.94,0.0,0.0,6.59,0,0,0,0,0,0.0,0.0,,,,,,,0,0,0,
