Cod,Ruolo,Nome,Squadra,Presenze_Totali,Partite_a_Voto,Media_Voto_MV,FantaMedia_FM,Gf,Rf,Ass,Gs,Rp,Rs,Au,Amm,Esp,Punti_Bonus_Tot,Punti_Malus_Tot,Gol_Totali,Delta_Bonus,Perc_Titolarita,Indice_Affidabilita
5338,P,Rinaldi,Parma,1,1,7,"6,5",0,0,0,0,0,0,0,1,0,0,"0,5",0,"-0,5","2,6",63
6403,P,Christensen O.,Fiorentina,1,1,"7,5","6,5",0,0,0,1,0,0,0,0,0,0,1,0,-1,"2,6",73
2815,P,Terracciano,Milan,2,2,6,6,0,0,0,0,0,0,0,0,0,0,0,0,0,"5,3",37
158,P,Lezzerini,Fiorentina,1,1,6,6,0,0,0,0,0,0,0,0,0,0,0,0,0,"2,6",36
2845,P,Contini,Napoli,1,1,6,6,0,0,0,0,0,0,0,0,0,0,0,0,0,"2,6",36
6018,P,Zacchi,Sassuolo,1,1,6,6,0,0,0,0,0,0,0,0,0,0,0,0,0,"2,6",36
2170,P,Milinkovic-Savic V.,Napoli,27,27,"6,2","5,65",0,0,0,24,3,0,0,0,0,9,24,0,"-0,55","71,1",59
7172,P,Pessina Mas.,Bologna,4,4,"6,12","5,62",0,0,0,2,0,0,0,0,0,0,2,0,"-0,5","10,5",35
4431,P,Carnesecchi,Atalanta,37,37,"6,36","5,58",0,0,0,35,2,0,0,0,0,6,35,0,"-0,78","97,4",70
5841,P,Svilar,Roma,38,38,"6,26","5,45",0,0,0,31,0,0,0,0,0,0,31,0,"-0,81",100,67
4312,P,Maignan,Milan,37,37,"6,26","5,42",0,0,0,35,2,0,0,4,0,6,37,0,"-0,84","97,4",66
6966,P,Butez,Como,38,38,"6,07","5,37",0,0,1,29,1,0,0,3,0,4,"30,5",0,"-0,7",100,62
2814,P,Provedel,Lazio,27,27,"6,26","5,35",0,0,0,27,1,0,0,1,0,3,"27,5",0,"-0,91","71,1",55
5876,P,Di Gregorio,Juventus,30,30,"6,08","5,33",0,0,0,25,1,0,0,1,0,3,"25,5",0,"-0,75","78,9",54
133,P,Skorupski,Bologna,19,19,"6,18","5,32",0,0,0,15,0,0,0,1,1,0,"16,5",0,"-0,86",50,46
543,P,Padelli,Udinese,2,2,"6,25","5,25",0,0,0,2,0,0,0,0,0,0,2,0,-1,"5,3",31
2134,P,Falcone,Lecce,38,38,"6,41","5,22",0,0,0,50,2,0,0,2,0,6,51,0,"-1,19",100,67
5116,P,Martinez Jo.,Inter,5,5,6,"5,2",0,0,0,4,0,0,0,0,0,0,4,0,"-0,8","13,2",28
572,P,Meret,Napoli,11,11,"6,23","5,18",0,0,1,12,0,0,0,1,0,1,"12,5",0,"-1,05","28,9",37
7337,P,Motta,Lazio,9,9,6,"5,17",0,0,0,10,1,0,0,1,0,3,"10,5",0,"-0,83","23,7",31
218,P,Perin,Juventus,9,9,"6,11","5,11",0,0,0,9,0,0,0,0,0,0,9,0,-1,"23,7",32
6662,P,Corvi,Parma,17,17,"6,18","5,09",0,0,0,18,0,0,0,1,0,0,"18,5",0,"-1,09","44,7",41
6462,P,Okoye,Udinese,30,30,"6,07","5,08",0,0,1,32,1,0,0,1,1,4,"33,5",0,"-0,99","78,9",50
2428,P,Sommer,Inter,33,33,"5,92","5,02",0,0,0,30,0,0,0,0,0,0,30,0,"-0,9","86,8",49
2521,P,De Gea,Fiorentina,37,37,"6,24",5,0,0,0,49,1,0,0,0,0,3,49,0,"-1,24","97,4",59
4867,P,Turati,Sassuolo,6,6,"6,17",5,0,0,0,7,0,0,0,0,0,0,7,0,"-1,17","15,8",29
6417,P,Furlanetto,Lazio,2,2,"6,5",5,0,0,0,3,0,0,0,0,0,0,3,0,"-1,5","5,3",32
1926,P,Di Gennaro,Inter,1,1,6,5,0,0,0,1,0,0,0,0,0,0,1,0,-1,"2,6",21
4957,P,Montipò,Verona,35,35,"6,2","4,94",0,0,1,54,3,0,0,0,0,10,54,0,"-1,26","92,1",55
761,P,Audero,Cremonese,34,34,"6,21","4,91",0,0,0,50,2,0,0,0,0,6,50,0,"-1,3","89,5",54
4360,P,Caprile,Cagliari,38,38,"6,29","4,87",0,0,0,53,0,0,0,2,0,0,54,0,"-1,42",100,59
188,P,Leali,Genoa,22,22,"6,16","4,84",0,0,0,27,0,0,0,2,1,0,29,0,"-1,32","57,9",41
7332,P,Bijlow,Genoa,16,16,"6,06","4,78",0,0,0,20,0,0,0,1,0,0,"20,5",0,"-1,28","42,1",33
4236,P,Muric,Sassuolo,32,32,"6,08","4,77",0,0,0,43,1,0,0,4,0,3,45,0,"-1,31","84,2",48
6641,P,Suzuki,Parma,20,20,"6,02","4,75",0,0,0,28,1,0,0,1,0,3,"28,5",0,"-1,27","52,6",35
2211,P,Silvestri,Cremonese,4,4,"6,38","4,62",0,0,0,7,0,0,0,0,0,0,7,0,"-1,76","10,5",26
5320,P,Paleari,Torino,29,29,"6,09","4,52",0,0,0,45,0,0,0,1,0,0,"45,5",0,"-1,57","76,3",41
4,P,Sportiello,Atalanta,1,1,"5,5","4,5",0,0,0,1,0,0,0,0,0,0,1,0,-1,"2,6",10
2861,P,Semper,Pisa,25,25,"6,06","4,38",0,0,0,42,0,0,0,0,0,0,42,0,"-1,68","65,8",35
2722,P,Ravaglia F.,Bologna,17,17,"6,21","4,38",0,0,0,29,0,0,0,4,0,0,31,0,"-1,83","44,7",31
574,P,Scuffet,Pisa,7,7,"6,21","4,07",0,0,0,15,0,0,0,0,0,0,15,0,"-2,14","18,4",17
7179,P,Israel,Torino,9,9,"5,89","3,83",0,0,0,18,0,0,0,1,0,0,"18,5",0,"-2,06","23,7",10
511,P,Perilli,Verona,3,3,"6,17","3,83",0,0,0,7,0,0,0,0,0,0,7,0,"-2,34","7,9",10
219,P,Sommariva,Genoa,2,2,"5,75","3,75",0,0,0,4,0,0,0,0,0,0,4,0,-2,"5,3",10
2271,P,Nicolas,Pisa,6,6,"5,92","3,58",0,0,0,14,0,0,0,0,0,0,14,0,"-2,34","15,8",10
6842,P,Sava,Udinese,7,7,"5,57","3,5",0,0,0,14,0,0,0,1,0,0,"14,5",0,"-2,07","18,4",10
254,D,Dimarco,Inter,35,35,"6,6","7,64",7,0,17,0,0,0,0,3,0,38,"1,5",7,"1,04","92,1",99
2788,D,Bremer,Juventus,26,26,"6,33","6,81",4,0,3,0,0,0,0,5,0,15,"2,5",4,"0,48","68,4",78
6217,D,Bisseck,Inter,23,23,"6,22","6,65",3,0,2,0,0,0,0,2,0,11,1,3,"0,43","60,5",70
5022,D,Pavlovic,Milan,34,34,"6,24","6,62",5,0,0,0,0,0,0,4,0,15,2,5,"0,38","89,5",80
5513,D,Dumfries,Inter,20,20,"6,1","6,55",3,0,1,0,0,0,0,2,0,10,1,3,"0,45","52,6",64
1852,D,Spinazzola,Napoli,32,32,"6,16","6,52",3,0,3,0,0,0,0,1,0,12,"0,5",3,"0,36","84,2",75
5750,D,Ostigard,Genoa,30,30,"6,13","6,52",5,0,0,0,0,0,0,7,0,15,"3,5",5,"0,39","78,9",73
2296,D,Mancini,Roma,36,36,"6,25","6,51",4,0,2,0,0,0,0,9,0,14,"4,5",4,"0,26","94,7",81
4177,D,Pavard,Inter,1,1,"6,5","6,5",0,0,0,0,0,0,0,0,0,0,0,0,0,"2,6",53
7181,D,Wesley,Roma,30,30,"6,12","6,47",5,0,0,0,0,0,0,5,2,15,"4,5",5,"0,35","78,9",72
4409,D,Rrahmani,Napoli,21,21,"6,24","6,45",2,0,0,0,0,0,0,3,0,6,"1,5",2,"0,21","55,3",66
6893,D,Kempf,Como,34,34,"6,1","6,44",4,0,1,0,0,0,0,3,0,13,"1,5",4,"0,34","89,5",75
5526,D,Scalvini,Atalanta,24,24,"6,06","6,44",3,0,1,0,0,0,0,2,0,10,1,3,"0,38","63,2",65
6832,D,Palestra,Cagliari,37,37,"6,27","6,42",1,0,4,0,0,0,0,3,0,7,"1,5",1,"0,15","97,4",81
6550,D,Garcia U.,Sassuolo,13,13,"6,15","6,42",1,0,2,0,0,0,0,3,0,5,"1,5",1,"0,27","34,2",56
6039,D,Cabal,Juventus,12,12,"5,96","6,42",2,0,0,0,0,0,0,1,0,6,"0,5",2,"0,46","31,6",52
4807,D,Hermoso,Roma,27,27,"6,17","6,41",3,0,2,0,0,0,0,9,0,11,"4,5",3,"0,24","71,1",69
7329,D,Obrador,Torino,16,16,"6,06","6,41",1,0,3,0,0,0,0,1,0,6,"0,5",1,"0,35","42,1",57
6986,D,Rensch,Roma,24,24,"6,12","6,4",1,0,4,0,0,0,0,1,0,7,"0,5",1,"0,28","63,2",66
6956,D,Solet,Udinese,35,35,"6,17","6,39",2,1,1,0,0,0,1,1,0,10,"2,5",3,"0,22","92,1",76
4159,D,Akanji,Inter,33,33,"6,27","6,39",2,0,0,0,0,0,0,4,0,6,2,2,"0,12","86,8",77
5678,D,Holm,Juventus,18,18,"6,08","6,39",1,0,4,0,0,0,0,1,1,7,"1,5",1,"0,31","47,4",59
4976,D,Kalulu,Juventus,37,37,"6,14","6,35",2,0,4,0,0,0,0,2,1,10,2,2,"0,21","97,4",77
2120,D,Bastoni,Inter,28,28,"6,2","6,34",1,0,4,0,0,0,0,6,0,7,3,1,"0,14","73,7",70
2816,D,Di Lorenzo,Napoli,26,26,"6,08","6,33",2,0,1,0,0,0,0,1,0,7,"0,5",2,"0,25","68,4",65
4317,D,N'Dicka,Roma,31,31,"6,08","6,32",3,0,1,0,0,0,0,5,0,10,"2,5",3,"0,24","81,6",70
5435,D,Moreno Alb.,Como,19,19,"6,05","6,32",2,0,1,0,0,0,0,4,0,7,2,2,"0,27",50,58
554,D,Zappacosta,Atalanta,35,35,"6,06","6,3",3,0,1,0,0,0,0,3,0,10,"1,5",3,"0,24","92,1",73
5527,D,Zanoli,Udinese,19,19,"6,05","6,29",1,0,2,0,0,0,0,1,0,5,"0,5",1,"0,24",50,58
2160,D,Gosens,Fiorentina,26,26,"5,92","6,27",3,0,1,0,0,0,0,2,0,10,1,3,"0,35","68,4",61
4657,D,Celik,Roma,34,34,"6,16","6,25",1,0,2,0,0,0,0,2,1,5,2,1,"0,09","89,5",73
6485,D,Kristensen T.,Udinese,28,28,"5,98","6,23",3,0,0,0,0,0,0,4,0,9,2,3,"0,25","73,7",64
4994,D,Vojvoda,Como,30,30,"6,02","6,22",2,0,1,0,0,0,0,2,0,7,1,2,"0,2","78,9",66
6867,D,Valle,Como,28,28,"6,05","6,21",1,0,3,0,0,0,0,3,0,6,"1,5",1,"0,16","73,7",65
7220,D,Belghali,Verona,26,26,"6,1","6,21",2,0,0,0,0,0,0,6,0,6,3,2,"0,11","68,4",64
6066,D,Posch,Como,14,14,"6,04","6,21",1,0,0,0,0,0,0,1,0,3,"0,5",1,"0,17","36,8",52
7211,D,Athekame,Milan,27,27,"5,96","6,2",2,0,2,0,0,0,0,3,0,8,"1,5",2,"0,24","71,1",62
4263,D,Kabasele,Udinese,30,30,"5,98","6,17",3,0,0,0,0,0,0,5,1,9,"3,5",3,"0,19","78,9",65
4210,D,Mina,Cagliari,26,26,6,"6,17",2,0,1,0,0,0,0,3,1,7,"2,5",2,"0,17","68,4",61
5831,D,Gatti,Juventus,21,21,"5,95","6,17",2,0,0,0,0,0,0,3,0,6,"1,5",2,"0,22","55,3",56
6900,D,Rui Modesto,Udinese,3,3,"5,83","6,17",0,0,1,0,0,0,0,0,0,1,0,0,"0,34","7,9",37
7353,D,Pedro Felipe,Sassuolo,3,3,"5,83","6,17",0,0,1,0,0,0,0,0,0,1,0,0,"0,34","7,9",37
6202,D,Beukema,Napoli,24,24,"5,94","6,15",2,0,0,0,0,0,0,2,0,6,1,2,"0,21","63,2",58
7219,D,Bernasconi,Atalanta,23,23,"6,09","6,15",0,0,3,0,0,0,0,3,0,3,"1,5",0,"0,06","60,5",60
5514,D,Vasquez,Genoa,36,36,"6,08","6,14",1,0,0,0,0,0,0,2,0,3,1,1,"0,06","94,7",72
6869,D,Ramon,Como,32,32,"6,16","6,14",2,0,0,0,0,0,0,11,1,6,"6,5",2,"-0,02","84,2",70
5877,D,Carlos Augusto,Inter,34,34,"6,1","6,13",1,0,1,0,0,0,0,6,0,4,3,1,"0,03","89,5",70
5835,D,Baschirotto,Cremonese,29,29,"5,95","6,12",2,0,0,0,0,0,0,2,0,6,1,2,"0,17","76,3",63
5427,D,Gutierrez,Napoli,28,28,"5,98","6,12",1,0,1,0,0,0,0,0,0,4,0,1,"0,14","73,7",62
697,D,Cuadrado,Pisa,19,19,"6,03","6,11",0,1,0,0,0,0,0,3,0,3,"1,5",1,"0,08",50,55
5862,D,Valeri,Parma,34,34,"6,06","6,09",0,0,2,0,0,0,0,2,0,2,1,0,"0,03","89,5",69
2593,D,Martin,Genoa,33,33,"5,97","6,09",1,0,5,0,0,1,0,2,0,8,4,1,"0,12","86,8",66
4734,D,Miranda J.,Bologna,32,32,6,"6,09",1,0,3,0,0,0,0,6,0,6,3,1,"0,09","84,2",66
4137,D,Diego Carlos,Como,27,27,"6,13","6,09",1,0,0,0,0,0,0,8,0,3,4,1,"-0,04","71,1",64
4665,D,Maripan,Torino,27,27,"5,94","6,09",2,0,0,0,0,0,0,4,0,6,2,2,"0,15","71,1",60
6814,D,Norton-Cuffy,Genoa,27,27,"5,93","6,09",2,0,1,0,0,0,0,3,1,7,"2,5",2,"0,16","71,1",60
5578,D,Kossounou,Atalanta,19,19,"5,95","6,08",1,0,0,0,0,0,0,1,0,3,"0,5",1,"0,13",50,53
6766,D,Kelly L.,Juventus,35,35,"6,01","6,07",1,0,1,0,0,0,0,4,0,4,2,1,"0,06","92,1",68
7125,D,Idrissi R.,Cagliari,23,23,"5,87","6,07",2,0,0,0,0,0,0,3,0,6,"1,5",2,"0,2","60,5",55
6496,D,Bartesaghi,Milan,31,31,"5,97","6,05",2,0,0,0,0,0,1,3,0,6,"3,5",2,"0,08","81,6",64
322,D,De Vrij,Inter,11,11,"6,09","6,05",0,0,0,0,0,0,0,1,0,0,"0,5",0,"-0,04","28,9",48
5885,D,Dodò,Fiorentina,36,36,"5,99","6,03",1,0,2,0,0,0,0,7,0,5,"3,5",1,"0,04","94,7",68
7130,D,Folino,Cremonese,17,17,"5,85","6,03",1,0,0,0,0,0,0,0,0,3,0,1,"0,18","44,7",48
6989,D,Tiago Gabriel,Lecce,37,37,6,"6,01",2,0,0,0,0,0,1,7,0,6,"5,5",2,"0,01","97,4",69
6664,D,Delprato,Parma,35,35,"5,91","6,01",2,0,0,0,0,0,0,5,0,6,"2,5",2,"0,1","92,1",66
7175,D,Joao Mario,Bologna,20,20,"5,85",6,1,0,1,0,0,0,0,2,0,4,1,1,"0,15","52,6",50
6149,D,Carboni F.,Parma,7,7,6,6,0,0,0,0,0,0,0,0,0,0,0,0,0,"18,4",41
2525,D,Darmian,Inter,6,6,6,6,0,0,0,0,0,0,0,0,0,0,0,0,0,"15,8",41
7238,D,Kouadio,Fiorentina,3,3,6,6,0,0,0,0,0,0,0,0,0,0,0,0,0,"7,9",38
7335,D,Zatterstrom,Genoa,3,3,6,6,0,0,0,0,0,0,0,0,0,0,0,0,0,"7,9",38
418,D,Goldaniga,Como,2,2,6,6,0,0,0,0,0,0,0,0,0,0,0,0,0,"5,3",37
6351,D,Lamptey,Fiorentina,2,2,6,6,0,0,0,0,0,0,0,0,0,0,0,0,0,"5,3",37
7271,D,Odogu,Milan,2,2,6,6,0,0,0,0,0,0,0,0,0,0,0,0,0,"5,3",37
7389,D,Ouedraogo L.,Genoa,2,2,6,6,0,0,0,0,0,0,0,0,0,0,0,0,0,"5,3",37
5067,D,Bakker,Atalanta,1,1,6,6,0,0,0,0,0,0,0,0,0,0,0,0,0,"2,6",36
7142,D,Esteves T.,Pisa,1,1,6,6,0,0,0,0,0,0,0,0,0,0,0,0,0,"2,6",36
7154,D,Odenthal,Sassuolo,1,1,6,6,0,0,0,0,0,0,0,0,0,0,0,0,0,"2,6",36
7346,D,Raterink,Cagliari,1,1,6,6,0,0,0,0,0,0,0,0,0,0,0,0,0,"2,6",36
7375,D,Cocchi,Inter,1,1,6,6,0,0,0,0,0,0,0,0,0,0,0,0,0,"2,6",36
7390,D,Doucouré M.,Genoa,1,1,6,6,0,0,0,0,0,0,0,0,0,0,0,0,0,"2,6",36
4502,D,Gallo,Lecce,37,37,"5,95","5,99",0,0,3,0,0,0,0,3,0,3,"1,5",0,"0,04","97,4",68
5520,D,Cambiaso,Juventus,36,36,"5,81","5,99",3,0,4,0,0,0,2,3,1,13,"6,5",3,"0,18","94,7",64
4461,D,Zappa,Cagliari,31,31,"5,92","5,98",0,0,3,0,0,0,0,2,0,3,1,0,"0,06","81,6",62
5449,D,Parisi,Fiorentina,23,23,"6,02","5,98",1,0,1,0,0,0,1,6,0,4,5,1,"-0,04","60,5",56
6896,D,Van Der Brempt,Como,20,20,"5,98","5,98",0,0,1,0,0,0,0,2,0,1,1,0,0,"52,6",53
2188,D,Marusic,Lazio,33,33,"5,86","5,97",1,0,2,0,0,0,0,1,1,5,"1,5",1,"0,11","86,8",62
6047,D,Ehizibue,Udinese,32,32,"5,86","5,97",2,0,0,0,0,0,0,5,0,6,"2,5",2,"0,11","84,2",61
6426,D,Pedersen,Torino,29,29,"5,84","5,97",1,0,2,0,0,0,0,3,0,5,"1,5",1,"0,13","76,3",58
5481,D,Mazzocchi,Napoli,16,16,"5,97","5,97",0,0,1,0,0,0,0,0,1,1,1,0,0,"42,1",49
7069,D,Fortini,Fiorentina,16,16,"5,97","5,97",0,0,0,0,0,0,0,0,0,0,0,0,0,"42,1",49
6631,D,Ghilardi,Roma,23,23,"5,98","5,96",0,0,0,0,0,0,0,1,0,0,"0,5",0,"-0,02","60,5",55
487,D,De Silvestri,Bologna,12,12,"6,04","5,96",0,0,0,0,0,0,0,2,0,0,1,0,"-0,08","31,6",46
5833,D,Gila,Lazio,31,31,"6,03","5,95",0,0,0,0,0,0,0,3,1,0,"2,5",0,"-0,08","81,6",63
2640,D,Kolasinac,Atalanta,19,19,"6,03","5,95",0,0,0,0,0,0,0,3,0,0,"1,5",0,"-0,08",50,52
7143,D,Angori,Pisa,35,35,"5,91","5,94",0,0,2,0,0,0,0,2,0,2,1,0,"0,03","92,1",65
513,D,Acerbi,Inter,18,18,"6,03","5,94",0,0,0,0,0,0,0,3,0,0,"1,5",0,"-0,09","47,4",51
460,D,Romagnoli,Lazio,32,32,"6,03","5,92",0,0,0,0,0,0,0,5,1,0,"3,5",0,"-0,11","84,2",64
6663,D,Circati,Parma,31,31,"5,92","5,92",1,0,0,0,0,0,0,6,0,3,3,1,0,"81,6",61
6642,D,Coco,Torino,35,35,"5,84","5,91",1,0,1,0,0,0,0,3,0,4,"1,5",1,"0,07","92,1",63
4433,D,Zortea,Bologna,32,32,"5,88","5,91",0,0,2,0,0,0,0,2,0,2,1,0,"0,03","84,2",61
6672,D,Idzes,Sassuolo,35,35,"5,94","5,9",0,0,0,0,0,0,0,3,0,0,"1,5",0,"-0,04","92,1",65
393,D,Luperto,Cremonese,34,34,"5,84","5,9",1,0,1,0,0,0,0,4,0,4,2,1,"0,06","89,5",62
6042,D,Lucumì,Bologna,29,29,"5,88","5,9",1,0,0,0,0,0,0,5,0,3,"2,5",1,"0,02","76,3",58
5739,D,De Winter,Milan,26,26,"5,77","5,9",1,0,1,0,0,0,0,1,0,4,"0,5",1,"0,13","68,4",53
5010,D,Ismajli,Torino,25,25,"5,92","5,9",0,0,2,0,0,0,0,5,0,2,"2,5",0,"-0,02","65,8",55
7312,D,Arizala,Udinese,10,10,"5,9","5,9",0,0,0,0,0,0,0,0,0,0,0,0,0,"26,3",41
7155,D,Muharemovic,Sassuolo,32,32,"5,91","5,89",2,0,1,0,0,0,2,7,0,7,"7,5",2,"-0,02","84,2",61
7260,D,Ziolkowski,Roma,18,18,"5,97","5,89",0,0,0,0,0,0,0,3,0,0,"1,5",0,"-0,08","47,4",49
2724,D,Buongiorno,Napoli,33,33,"5,89","5,88",0,0,1,0,0,0,0,3,0,1,"1,5",0,"-0,01","86,8",61
4751,D,Tomori,Milan,33,33,"5,97","5,88",0,0,1,0,0,0,0,6,1,1,4,0,"-0,09","86,8",63
6013,D,Barbieri,Cremonese,29,29,"5,98","5,88",0,0,1,0,0,0,0,8,0,1,4,0,"-0,1","76,3",60
5555,D,Kamara H.,Udinese,26,26,"5,88","5,87",0,0,2,0,0,0,0,5,0,2,"2,5",0,"-0,01","68,4",55
7012,D,Provstgaard,Lazio,26,26,"5,92","5,87",0,0,0,0,0,0,0,3,0,0,"1,5",0,"-0,05","68,4",55
7068,D,Vitik,Bologna,19,19,"5,95","5,87",0,0,0,0,0,0,0,3,0,0,"1,5",0,"-0,08",50,50
5820,D,Bertola,Udinese,28,28,"5,88","5,86",0,0,1,0,0,0,0,3,0,1,"1,5",0,"-0,02","73,7",56
6046,D,Hien,Atalanta,28,28,"5,91","5,86",1,0,0,0,0,0,1,5,0,3,"4,5",1,"-0,05","73,7",57
7014,D,Smolcic I.,Como,28,28,"5,96","5,86",0,0,1,0,0,0,0,8,0,1,4,0,"-0,1","73,7",58
4401,D,Gabbia,Milan,30,30,"5,92","5,85",0,0,0,0,0,0,0,4,0,0,2,0,"-0,07","78,9",59
6660,D,Marcandalli,Genoa,32,32,"5,88","5,84",0,0,1,0,0,0,0,4,0,1,2,0,"-0,04","84,2",60
6639,D,Frese,Verona,31,31,"5,84","5,84",2,0,0,0,0,0,1,8,0,6,6,2,0,"81,6",58
5532,D,Bradaric,Verona,29,29,"5,81","5,84",0,0,2,0,0,0,0,2,0,2,1,0,"0,03","76,3",56
5812,D,Terracciano F.,Cremonese,36,36,"5,86","5,83",2,0,0,0,0,0,2,6,0,6,7,2,"-0,03","94,7",63
5701,D,Obert,Cagliari,35,35,"5,89","5,83",0,0,3,0,0,0,0,8,1,3,5,0,"-0,06","92,1",62
5307,D,Valenti,Parma,27,27,"5,96","5,83",0,0,0,0,0,0,0,7,0,0,"3,5",0,"-0,13","71,1",57
4887,D,Bellanova,Atalanta,24,24,"5,83","5,83",0,0,1,0,0,0,0,2,0,1,1,0,0,"63,2",51
7377,D,Balbo,Fiorentina,6,6,"5,83","5,83",0,0,0,0,0,0,0,0,0,0,0,0,0,"15,8",35
5406,D,Di Pardo,Cagliari,3,3,"5,83","5,83",0,0,0,0,0,0,0,0,0,0,0,0,0,"7,9",32
327,D,Patric,Lazio,14,14,"5,89","5,82",0,0,0,0,0,0,0,2,0,0,1,0,"-0,07","36,8",43
5156,D,Nkounkou,Torino,11,11,"5,86","5,82",0,0,1,0,0,0,0,3,0,1,"1,5",0,"-0,04","28,9",40
787,D,Djimsiti,Atalanta,34,34,"5,87","5,81",0,0,0,0,0,0,0,4,0,0,2,0,"-0,06","89,5",61
4378,D,Ranieri L.,Fiorentina,34,34,"5,87","5,81",1,0,0,0,0,0,0,8,1,3,5,1,"-0,06","89,5",61
7212,D,Heggem,Bologna,27,27,"5,85","5,81",0,0,0,0,0,0,0,0,1,0,1,0,"-0,04","71,1",54
2728,D,Pellegrini Lu.,Lazio,24,24,"5,85","5,81",1,0,0,0,0,0,0,8,0,3,4,1,"-0,04","63,2",51
7011,D,Slotsager,Verona,8,8,"5,81","5,81",0,0,0,0,0,0,0,0,0,0,0,0,0,"21,1",36
2263,D,Lazzari,Lazio,23,23,"5,85","5,8",0,0,0,0,0,0,0,2,0,0,1,0,"-0,05","60,5",50
5620,D,Tavares N.,Lazio,23,23,"5,91","5,8",0,0,0,0,0,0,0,5,0,0,"2,5",0,"-0,11","60,5",51
6992,D,Oyegoke,Verona,15,15,"5,87","5,8",0,0,0,0,0,0,0,2,0,0,1,0,"-0,07","39,5",43
140,D,Hysaj,Lazio,5,5,"5,8","5,8",0,0,0,0,0,0,0,0,0,0,0,0,0,"13,2",33
7240,D,Siebert,Lecce,21,21,"5,71","5,79",1,0,0,0,0,0,0,3,0,3,"1,5",1,"0,08","55,3",45
6211,D,Zemura,Udinese,17,17,"5,88","5,79",0,0,0,0,0,0,0,3,0,0,"1,5",0,"-0,09","44,7",45
6883,D,Jean,Lecce,7,7,"5,86","5,79",0,0,0,0,0,0,0,1,0,0,"0,5",0,"-0,07","18,4",35
7356,D,Mlacic,Udinese,7,7,"5,93","5,79",0,0,0,0,0,0,0,2,0,0,1,0,"-0,14","18,4",37
5851,D,Doig,Sassuolo,30,30,"5,87","5,78",0,0,0,0,0,0,0,5,0,0,"2,5",0,"-0,09","78,9",57
6495,D,Comuzzo,Fiorentina,27,27,"5,78","5,78",1,0,0,0,0,0,1,2,0,3,3,1,0,"71,1",52
5168,D,Tsimikas,Roma,18,18,"5,81","5,78",0,0,0,0,0,0,0,1,0,0,"0,5",0,"-0,03","47,4",44
2273,D,Caracciolo A.,Pisa,35,35,"5,8","5,77",2,0,0,0,0,0,1,10,0,6,7,2,"-0,03","92,1",60
7131,D,Floriani Mussolini,Cremonese,28,28,"5,77","5,77",0,0,1,0,0,0,0,2,0,1,1,0,0,"73,7",53
5273,D,Estupinan,Milan,19,19,"5,74","5,76",1,0,1,0,0,0,0,5,1,4,"3,5",1,"0,02",50,44
7253,D,Bella-Kotchap,Verona,19,19,"5,84","5,76",0,0,0,0,0,0,0,3,0,0,"1,5",0,"-0,08",50,46
6809,D,Marianucci,Torino,12,12,"5,75","5,75",0,0,1,0,0,0,0,2,0,1,1,0,0,"31,6",37
4374,D,Walukiewicz,Sassuolo,34,34,"5,81","5,74",0,0,1,0,0,0,0,7,0,1,"3,5",0,"-0,07","89,5",59
7268,D,Rodriguez Ju.,Cagliari,17,17,"5,65","5,74",1,0,0,0,0,0,0,3,0,3,"1,5",1,"0,09","44,7",40
7352,D,Edmundsson,Verona,15,15,"5,97","5,73",0,0,0,0,0,0,1,3,0,0,"3,5",0,"-0,24","39,5",44
7139,D,Canestrelli,Pisa,37,37,"5,69","5,72",1,0,0,0,0,0,0,4,0,3,2,1,"0,03","97,4",59
5840,D,Olivera,Napoli,25,25,"5,78","5,72",0,0,0,0,0,0,0,3,0,0,"1,5",0,"-0,06","65,8",49
791,D,Sabelli,Genoa,16,16,"5,84","5,72",0,0,0,0,0,0,1,0,0,0,2,0,"-0,12","42,1",42
6965,D,Lovik,Parma,9,9,"5,72","5,72",0,0,0,0,0,0,0,0,0,0,0,0,0,"23,7",33
4385,D,Lazaro,Torino,31,31,"5,71","5,71",0,0,2,0,0,0,0,4,0,2,2,0,0,"81,6",53
7255,D,Britschgi,Parma,29,29,"5,76","5,71",0,0,2,0,0,0,0,5,1,2,"3,5",0,"-0,05","76,3",53
7235,D,Troilo,Parma,21,21,"5,79","5,71",1,0,0,0,0,0,0,5,2,3,"4,5",1,"-0,08","55,3",46
5994,D,Ebosse,Torino,17,17,"5,76","5,71",0,0,1,0,0,0,0,4,0,1,2,0,"-0,05","44,7",41
294,D,Rugani,Fiorentina,12,12,"5,79","5,71",0,0,0,0,0,0,0,2,0,0,1,0,"-0,08","31,6",38
5498,D,Casale,Bologna,12,12,"5,71","5,71",0,0,0,0,0,0,0,0,0,0,0,0,0,"31,6",36
6230,D,Dossena,Cagliari,12,12,"5,83","5,71",0,0,1,0,0,0,0,5,0,1,"2,5",0,"-0,12","31,6",38
6985,D,Candè,Sassuolo,12,12,"5,79","5,71",0,0,0,0,0,0,0,2,0,0,1,0,"-0,08","31,6",38
4772,D,Angelino,Roma,7,7,"5,86","5,71",0,0,0,0,0,0,0,2,0,0,1,0,"-0,15","18,4",34
7274,D,Zè Pedro,Cagliari,23,23,"5,78","5,7",0,0,1,0,0,0,0,6,0,1,3,0,"-0,08","60,5",47
6916,D,Ahanor,Atalanta,22,22,"5,8","5,7",0,0,0,0,0,0,0,2,1,0,2,0,"-0,1","57,9",47
49,D,Masina,Torino,5,5,"5,5","5,7",0,0,1,0,0,0,0,0,0,1,0,0,"0,2","13,2",25
2279,D,Romagna,Sassuolo,5,5,"5,7","5,7",0,0,0,0,0,0,0,0,0,0,0,0,0,"13,2",29
6990,D,Veiga D.,Lecce,36,36,"5,82","5,69",0,0,0,0,0,0,0,9,0,0,"4,5",0,"-0,13","94,7",60
612,D,Bianchetti,Cremonese,27,27,"5,72","5,69",0,0,1,0,0,0,0,4,0,1,2,0,"-0,03","71,1",50
388,D,Albiol,Pisa,8,8,"5,62","5,69",0,0,1,0,0,0,0,1,0,1,"0,5",0,"0,07","21,1",30
6537,D,Goglichidze,Udinese,8,8,"5,81","5,69",0,0,0,0,0,0,0,2,0,0,1,0,"-0,12","21,1",34
6870,D,Faye,Cremonese,8,8,"5,75","5,69",0,0,0,0,0,0,0,1,0,0,"0,5",0,"-0,06","21,1",33
6665,D,Coulibaly W.,Sassuolo,20,20,"5,72","5,68",0,0,0,0,0,0,0,2,0,0,1,0,"-0,04","52,6",43
252,D,Biraghi,Torino,14,14,"5,68","5,68",0,0,0,0,0,0,0,0,0,0,0,0,0,"36,8",37
7182,D,Ndaba,Lecce,14,14,"5,68","5,68",0,0,0,0,0,0,0,0,0,0,0,0,0,"36,8",37
5603,D,Pongracic,Fiorentina,35,35,"5,84","5,67",0,0,0,0,0,0,0,12,0,0,6,0,"-0,17","92,1",59
256,D,Juan Jesus,Napoli,24,24,"5,88","5,67",0,0,0,0,0,0,0,8,1,0,5,0,"-0,21","63,2",50
6632,D,Gaspar K.,Lecce,23,23,"5,85","5,67",0,0,0,0,0,0,0,6,1,0,4,0,"-0,18","60,5",48
2006,D,Lirola,Verona,6,6,"5,75","5,67",0,0,0,0,0,0,0,1,0,0,"0,5",0,"-0,08","15,8",31
6411,D,Mateus Lusuardi,Pisa,3,3,"5,83","5,67",0,0,0,0,0,0,0,1,0,0,"0,5",0,"-0,16","7,9",29
2653,D,Lykogiannis,Bologna,10,10,"5,7","5,65",0,0,1,0,0,0,0,3,0,1,"1,5",0,"-0,05","26,3",33
6957,D,Valentini N.,Verona,21,21,"5,81","5,62",0,0,0,0,0,0,0,6,1,0,4,0,"-0,19","55,3",45
2745,D,Calabresi,Pisa,26,26,"5,75","5,6",0,0,0,0,0,0,0,8,0,0,4,0,"-0,15","68,4",48
5718,D,Viti,Fiorentina,10,10,"5,75","5,6",0,0,0,0,0,0,0,1,1,0,"1,5",0,"-0,15","26,3",33
6925,D,Palma,Udinese,5,5,"5,6","5,6",0,0,0,0,0,0,0,0,0,0,0,0,0,"13,2",26
6894,D,Unai Nunez,Verona,17,17,"5,85","5,59",0,0,0,0,0,0,1,5,0,0,"4,5",0,"-0,26","44,7",41
7018,D,Nelsson,Verona,38,38,"5,68","5,58",0,0,0,0,0,0,1,4,0,0,4,0,"-0,1",100,57
7222,D,Cham,Verona,6,6,"5,58","5,58",0,0,0,0,0,0,0,0,0,0,0,0,0,"15,8",26
1891,D,Ceccherini,Cremonese,9,9,"5,61","5,56",0,0,1,0,0,0,0,1,1,1,"1,5",0,"-0,05","23,7",29
6444,D,Bonfanti,Pisa,9,9,"5,61","5,56",0,0,0,0,0,0,0,1,0,0,"0,5",0,"-0,05","23,7",29
770,D,Pezzella Giu.,Cremonese,31,31,"5,68","5,55",0,0,1,0,0,0,0,8,1,1,5,0,"-0,13","81,6",50
6977,D,Otoa,Genoa,13,13,"5,69","5,5",0,0,0,0,0,0,1,1,0,0,"2,5",0,"-0,19","34,2",33
7136,D,Kouassi,Lecce,4,4,"5,5","5,5",0,0,0,0,0,0,0,0,0,0,0,0,0,"10,5",21
6826,D,Dembelè A.,Torino,2,2,"5,5","5,5",0,0,0,0,0,0,0,0,0,0,0,0,0,"5,3",19
4904,D,Marì,Fiorentina,11,11,"5,5","5,36",0,0,0,0,0,0,0,3,0,0,"1,5",0,"-0,14","28,9",26
7202,D,Ndiaye,Parma,11,11,"5,59","5,36",0,0,0,0,0,0,0,3,1,0,"2,5",0,"-0,23","28,9",27
7326,D,Helland,Bologna,6,6,"5,5","5,33",0,0,0,0,0,0,0,2,0,0,1,0,"-0,17","15,8",20
7196,D,Denoon,Pisa,2,2,"5,5","5,25",0,0,0,0,0,0,0,1,0,0,"0,5",0,"-0,25","5,3",16
7325,D,Bozhinov,Pisa,9,9,"5,33","5,17",0,0,0,0,0,0,0,1,1,0,"1,5",0,"-0,16","23,7",17
7140,D,Coppola F.,Pisa,7,7,"5,36","5,14",0,0,0,0,0,0,0,3,0,0,"1,5",0,"-0,22","18,4",16
6531,D,Jimenez A.,Milan,1,1,"5,5",5,0,0,0,0,0,0,0,1,0,0,"0,5",0,"-0,5","2,6",11
7164,D,Perez M.,Lecce,1,1,5,5,0,0,0,0,0,0,0,0,0,0,0,0,0,"2,6",10
7396,D,Macchioni,Sassuolo,1,1,5,"4,5",0,0,0,0,0,0,0,1,0,0,"0,5",0,"-0,5","2,6",10
2194,C,Calhanoglu,Inter,22,22,"6,52","7,64",5,4,4,0,0,1,0,7,0,31,"6,5",9,"1,12","57,9",90
7062,C,Topalovic,Inter,1,1,"6,5","7,5",0,0,1,0,0,0,0,0,0,1,0,0,1,"2,6",68
6875,C,Paz N.,Como,35,35,"6,37","7,3",12,0,5,0,0,2,0,5,0,41,"8,5",12,"0,93","92,1",94
4777,C,McTominay,Napoli,33,33,"6,39","7,26",10,0,2,0,0,1,0,1,0,32,"3,5",10,"0,87","86,8",92
2517,C,De Bruyne,Napoli,18,18,"6,25","7,17",2,3,2,0,0,0,0,1,0,17,"0,5",5,"0,92","47,4",74
7351,C,Santos A.,Napoli,14,14,"6,32","7,14",4,0,0,0,0,0,0,1,0,12,"0,5",4,"0,82","36,8",71
2379,C,Rabiot,Milan,29,29,"6,33","6,98",6,0,4,0,0,0,0,4,1,22,3,6,"0,65","76,3",83
7126,C,Baturina,Como,29,29,"6,26","6,98",6,0,3,0,0,0,0,0,0,21,0,6,"0,72","76,3",82
2423,C,Pulisic,Milan,30,30,"6,13","6,97",8,0,4,0,0,1,0,0,0,28,3,8,"0,84","78,9",80
5559,C,Da Cunha,Como,36,36,"6,33","6,89",2,4,4,0,0,0,0,4,0,22,2,6,"0,56","94,7",88
6908,C,Atta,Udinese,32,32,"6,36","6,88",5,0,3,0,0,0,0,3,0,18,"1,5",5,"0,52","84,2",85
4220,C,Zambo Anguissa,Napoli,18,18,"6,17","6,86",4,0,1,0,0,0,0,1,0,13,"0,5",4,"0,69","47,4",68
6015,C,Berisha M.,Lecce,13,13,"6,15","6,85",2,0,3,0,0,0,0,0,0,9,0,2,"0,7","34,2",63
6831,C,Neres,Napoli,16,16,"6,19","6,84",3,0,3,0,0,0,0,3,0,12,"1,5",3,"0,65","42,1",66
2766,C,Zaniolo,Udinese,32,32,"6,25","6,75",5,0,5,0,0,0,0,8,0,20,4,5,"0,5","84,2",81
2167,C,Orsolini,Bologna,35,35,"6,06","6,74",6,4,1,0,0,2,0,2,0,31,7,10,"0,68","92,1",80
152,C,Zielinski,Inter,34,34,"6,22","6,71",5,1,2,0,0,0,1,3,0,20,"3,5",6,"0,49","89,5",81
1870,C,Barella,Inter,34,34,"6,28","6,71",3,0,9,0,0,0,0,7,0,18,"3,5",3,"0,43","89,5",83
6884,C,Conceicao,Juventus,31,31,"6,27","6,68",3,0,5,0,0,0,0,3,0,14,"1,5",3,"0,41","81,6",79
4486,C,Strefezza,Parma,14,14,"6,21","6,68",2,0,2,0,0,0,0,3,0,8,"1,5",2,"0,47","36,8",62
5687,C,Vlasic,Torino,37,37,"6,03","6,66",3,5,3,0,0,0,0,7,0,27,"3,5",8,"0,63","97,4",80
2606,C,Modric,Milan,34,34,"6,44","6,65",2,0,3,0,0,0,0,4,0,9,2,2,"0,21","89,5",85
4970,C,Messias,Genoa,20,20,"6,18","6,65",2,1,1,0,0,0,0,1,0,10,"0,5",3,"0,47","52,6",67
4973,C,McKennie,Juventus,36,36,"6,12","6,64",5,0,6,0,0,0,0,5,0,21,"2,5",5,"0,52","94,7",80
4711,C,Kostic,Juventus,18,18,"6,11","6,64",3,0,1,0,0,0,0,1,0,10,"0,5",3,"0,53","47,4",63
6717,C,Konè I.,Sassuolo,35,35,"6,19","6,63",6,0,0,0,0,0,0,3,1,18,"2,5",6,"0,44","92,1",80
1933,C,Mandragora,Fiorentina,34,34,"6,04","6,62",6,1,2,0,0,0,0,7,0,23,"3,5",7,"0,58","89,5",76
6684,C,Ekkelenkamp,Udinese,31,31,"6,05","6,61",5,0,3,0,0,0,0,1,0,18,"0,5",5,"0,56","81,6",74
6844,C,Rowe,Bologna,28,28,"6,2","6,59",3,0,3,0,0,0,0,2,0,12,1,3,"0,39","73,7",74
530,C,Pellegrini Lo.,Roma,24,24,"6,04","6,58",2,2,2,0,0,0,0,2,0,14,1,4,"0,54","63,2",67
6398,C,Isaksen,Lazio,30,30,"6,03","6,57",5,0,1,0,0,0,0,0,0,16,0,5,"0,54","78,9",72
7314,C,Taylor K.,Lazio,17,17,"6,06","6,56",3,0,2,0,0,0,0,5,0,11,"2,5",3,"0,5","44,7",60
2529,C,Mkhitaryan,Inter,30,30,"6,2","6,55",4,0,1,0,0,0,0,5,0,13,"2,5",4,"0,35","78,9",75
4427,C,Malinovskyi,Genoa,34,34,"6,07","6,54",3,3,3,0,0,0,0,10,0,21,5,6,"0,47","89,5",76
5589,C,Konè M.,Roma,29,29,"6,26","6,53",2,0,3,0,0,0,0,2,0,9,1,2,"0,27","76,3",75
2765,C,Odgaard,Bologna,26,26,"5,92","6,52",5,0,1,0,0,0,0,1,0,16,"0,5",5,"0,6","68,4",65
6640,C,Felici,Cagliari,12,12,"6,04","6,5",2,0,1,0,0,0,0,3,0,7,"1,5",2,"0,46","31,6",54
6666,C,Bernabè,Parma,32,32,"6,17","6,48",3,0,1,0,0,0,0,0,0,10,0,3,"0,31","84,2",75
6151,C,Perrone,Como,36,36,"6,22","6,47",3,0,4,0,0,0,0,8,0,13,4,3,"0,25","94,7",80
5844,C,Thorstvedt,Sassuolo,32,32,"6,14","6,47",4,0,3,0,0,0,0,9,0,15,"4,5",4,"0,33","84,2",74
184,C,Bernardeschi,Bologna,29,29,"6,03","6,47",3,1,2,0,0,0,0,3,0,14,"1,5",4,"0,44","76,3",69
5735,C,Volpato,Sassuolo,24,24,"6,12","6,46",2,0,4,0,0,0,0,4,0,10,2,2,"0,34","63,2",66
5888,C,Casadei,Torino,33,33,"5,97","6,44",6,0,0,0,0,0,0,5,0,18,"2,5",6,"0,47","86,8",71
5792,C,Ederson D.S.,Atalanta,30,30,"6,25","6,43",1,1,1,0,0,0,0,3,0,7,"1,5",2,"0,18","78,9",74
5674,C,Basic,Lazio,23,23,"6,09","6,43",2,0,3,0,0,0,0,0,1,9,1,2,"0,34","60,5",64
449,C,Vazquez,Cremonese,15,15,"6,13","6,43",1,0,2,0,0,0,0,1,0,5,"0,5",1,"0,3","39,5",58
6190,C,Pisilli,Roma,25,25,"6,08","6,42",2,0,4,0,0,0,0,3,0,10,"1,5",2,"0,34","65,8",66
4404,C,Thorsby,Cremonese,24,24,"6,08","6,42",3,0,1,0,0,0,0,4,0,10,2,3,"0,34","63,2",65
1976,C,Mazzitelli,Cagliari,18,18,"6,06","6,42",2,0,2,0,0,0,0,3,0,8,"1,5",2,"0,36","47,4",59
4892,C,Saelemaekers,Milan,35,35,"6,14","6,41",3,0,3,0,0,0,0,5,0,12,"2,5",3,"0,27","92,1",76
333,C,Cataldi,Lazio,27,27,"6,07","6,41",1,2,3,0,0,0,0,6,0,12,3,3,"0,34","71,1",67
5562,C,Thuram K.,Juventus,35,35,"6,1","6,39",3,0,2,0,0,0,0,2,0,11,1,3,"0,29","92,1",75
4199,C,Loftus-Cheek,Milan,28,28,"6,07","6,39",3,0,1,0,0,0,0,2,0,10,1,3,"0,32","73,7",68
5422,C,Zalewski,Atalanta,33,33,"6,09","6,38",2,0,5,0,0,0,0,3,0,11,"1,5",2,"0,29","86,8",73
5036,C,Caqueret,Como,30,30,"6,1","6,38",2,0,4,0,0,0,0,3,0,10,"1,5",2,"0,28","78,9",70
5823,C,Baldanzi,Genoa,18,18,"6,14","6,36",1,0,2,0,0,0,0,2,0,5,1,1,"0,22","47,4",60
536,C,Politano,Napoli,34,34,"6,09","6,35",2,0,5,0,0,0,0,4,0,11,2,2,"0,26","89,5",73
6677,C,Adzic,Juventus,10,10,"6,05","6,35",1,0,0,0,0,0,0,0,0,3,0,1,"0,3","26,3",50
7318,C,Gandelman,Lecce,19,19,"5,97","6,34",2,0,1,0,0,0,0,0,0,7,0,2,"0,37",50,57
5800,C,Gudmundsson A.,Fiorentina,33,33,"5,88","6,33",2,3,3,0,0,0,0,4,1,18,3,5,"0,45","86,8",68
7223,C,Vergara,Napoli,12,12,"6,17","6,33",1,0,0,0,0,0,0,2,0,3,1,1,"0,16","31,6",54
4186,C,Guendouzi,Lazio,16,16,"6,16","6,31",2,0,0,0,0,0,0,5,1,6,"3,5",2,"0,15","42,1",58
4364,C,Gaetano,Cagliari,33,33,"6,06","6,3",2,0,4,0,0,0,0,4,0,10,2,2,"0,24","86,8",71
5504,C,Coulibaly L.,Lecce,33,33,"6,05","6,29",3,0,1,0,0,0,0,4,0,10,2,3,"0,24","86,8",71
795,C,El Shaarawy,Roma,20,20,"6,12","6,28",1,0,2,0,0,0,0,4,0,5,2,1,"0,16","52,6",60
7254,C,Lorran,Pisa,9,9,"5,94","6,28",1,0,0,0,0,0,0,0,0,3,0,1,"0,34","23,7",46
7133,C,Vandeputte,Cremonese,32,32,"6,06","6,27",1,0,5,0,0,0,0,3,0,8,"1,5",1,"0,21","84,2",70
5651,C,Harrison,Fiorentina,15,15,"5,9","6,27",1,0,3,0,0,0,0,1,0,6,"0,5",1,"0,37","39,5",51
2077,C,Pasalic,Atalanta,33,33,"5,94","6,26",3,0,3,0,0,0,0,3,0,12,"1,5",3,"0,32","86,8",68
4896,C,Maldini,Lazio,21,21,"5,95","6,26",2,0,1,0,0,0,0,1,0,7,"0,5",2,"0,31","55,3",57
2839,C,Sottil,Lecce,21,21,"6,02","6,24",1,0,2,0,0,0,0,1,0,5,"0,5",1,"0,22","55,3",58
4465,C,Fagioli,Fiorentina,33,33,"6,03","6,23",2,0,3,0,0,0,0,5,0,9,"2,5",2,"0,2","86,8",69
5119,C,Samardzic,Atalanta,26,26,"5,94","6,23",2,0,2,0,0,0,0,1,0,8,"0,5",2,"0,29","68,4",61
779,C,Cristante,Roma,37,37,"6,11","6,22",2,0,1,0,0,0,0,6,0,7,3,2,"0,11","97,4",75
7070,C,Sucic P.,Inter,34,34,"6,06","6,22",2,0,2,0,0,0,0,5,0,8,"2,5",2,"0,16","89,5",71
4947,C,Brescianini,Fiorentina,26,26,"5,98","6,21",2,0,1,0,0,0,0,2,0,7,1,2,"0,23","68,4",62
6274,C,Diouf,Inter,19,19,"6,08","6,21",1,0,0,0,0,0,0,1,0,3,"0,5",1,"0,13",50,57
5131,C,Gilmour,Napoli,17,17,"6,06","6,21",1,0,0,0,0,0,0,1,0,3,"0,5",1,"0,15","44,7",55
6252,C,Folorunsho,Cagliari,27,27,"6,04","6,2",2,0,0,0,0,0,0,3,0,6,"1,5",2,"0,16","71,1",64
6458,C,Serdar,Verona,20,20,"5,98","6,2",2,0,0,0,0,0,0,3,0,6,"1,5",2,"0,22","52,6",56
827,C,Locatelli,Juventus,36,36,"6,26","6,19",1,0,2,0,0,1,0,9,0,5,"7,5",1,"-0,07","94,7",76
2334,C,Leris,Pisa,34,34,"5,94","6,18",2,0,3,0,0,0,0,2,0,9,1,2,"0,24","89,5",68
5453,C,Ricci S.,Milan,31,31,6,"6,15",1,0,3,0,0,0,0,3,0,6,"1,5",1,"0,15","81,6",66
5298,C,Pobega,Bologna,26,26,"5,85","6,15",3,0,1,0,0,0,0,2,1,10,2,3,"0,3","68,4",58
5813,C,Miretti,Juventus,23,23,"5,98","6,13",1,0,1,0,0,0,0,1,0,4,"0,5",1,"0,15","60,5",58
6054,C,Moro N.,Bologna,30,30,"5,93","6,12",2,0,0,0,0,0,0,1,0,6,"0,5",2,"0,19","78,9",63
7157,C,Iannoni,Sassuolo,15,15,6,"6,1",1,0,0,0,0,0,0,3,0,3,"1,5",1,"0,1","39,5",50
4287,C,Lobotka,Napoli,32,32,"6,05","6,09",1,0,0,0,0,0,0,3,0,3,"1,5",1,"0,04","84,2",67
6815,C,Fadera,Sassuolo,28,28,"5,93","6,09",2,0,1,0,0,0,0,5,0,7,"2,5",2,"0,16","73,7",61
6271,C,El Aynaoui,Roma,25,25,"5,98","6,08",1,0,2,0,0,0,0,5,0,5,"2,5",1,"0,1","65,8",59
5295,C,Musah,Atalanta,20,20,"5,95","6,08",1,0,0,0,0,0,0,1,0,3,"0,5",1,"0,13","52,6",54
7036,C,Bakola,Sassuolo,6,6,"6,08","6,08",0,0,0,0,0,0,0,0,0,0,0,0,0,"15,8",43
4686,C,Fofana Y.,Milan,33,33,"5,85","6,06",2,0,3,0,0,0,0,4,0,9,2,2,"0,21","86,8",63
6294,C,Ndour,Fiorentina,33,33,"5,82","6,06",3,0,0,0,0,0,0,2,0,9,1,3,"0,24","86,8",63
6898,C,Keita M.,Parma,37,37,"6,01","6,05",1,0,1,0,0,0,1,1,0,4,"2,5",1,"0,04","97,4",70
5301,C,Luis Henrique,Inter,30,30,"5,9","6,05",1,0,2,0,0,0,0,1,0,5,"0,5",1,"0,15","78,9",61
788,C,Freuler,Bologna,29,29,"6,02","6,03",1,0,2,0,0,0,1,5,0,5,"4,5",1,"0,01","76,3",63
6206,C,Fabbian,Fiorentina,29,29,"5,84","6,02",2,0,0,0,0,0,0,2,0,6,1,2,"0,18","76,3",59
22,C,De Roon,Atalanta,34,34,"5,97",6,1,0,2,0,0,0,0,6,1,5,4,1,"0,03","89,5",66
7028,C,Bernede,Verona,32,32,"5,88",6,1,0,2,0,0,0,0,2,0,5,1,1,"0,12","84,2",62
6005,C,Ilkhan,Torino,19,19,"5,84",6,1,0,2,0,0,0,0,2,1,5,2,1,"0,16",50,49
7246,C,Sala A.,Lecce,9,9,"5,89",6,0,0,1,0,0,0,0,0,0,1,0,0,"0,11","23,7",41
7276,C,Cremaschi,Parma,8,8,6,6,0,0,0,0,0,0,0,0,0,0,0,0,0,"21,1",42
2117,C,Kastanos,Verona,6,6,6,6,0,0,0,0,0,0,0,0,0,0,0,0,0,"15,8",41
6575,C,Zaragoza,Roma,4,4,"5,88",6,0,0,1,0,0,0,0,1,0,1,"0,5",0,"0,12","10,5",36
7225,C,Cavuoti,Cagliari,4,4,6,6,0,0,0,0,0,0,0,0,0,0,0,0,0,"10,5",39
6633,C,Pierret,Lecce,3,3,6,6,0,0,0,0,0,0,0,0,0,0,0,0,0,"7,9",38
7177,C,Santiago,Verona,2,2,6,6,0,0,0,0,0,0,0,0,0,0,0,0,0,"5,3",37
7311,C,Romano,Roma,2,2,6,6,0,0,0,0,0,0,0,0,0,0,0,0,0,"5,3",37
4930,C,Ghion,Sassuolo,1,1,6,6,0,0,0,0,0,0,0,0,0,0,0,0,0,"2,6",36
6853,C,Lafont G.,Genoa,1,1,6,6,0,0,0,0,0,0,0,0,0,0,0,0,0,"2,6",36
7216,C,Begic,Parma,1,1,6,6,0,0,0,0,0,0,0,0,0,0,0,0,0,"2,6",36
7241,C,Lordkipanidze D.,Cremonese,1,1,6,6,0,0,0,0,0,0,0,0,0,0,0,0,0,"2,6",36
7299,C,Le Borgne,Como,1,1,6,6,0,0,0,0,0,0,0,0,0,0,0,0,0,"2,6",36
7345,C,Przyborek,Lazio,1,1,6,6,0,0,0,0,0,0,0,0,0,0,0,0,0,"2,6",36
7392,C,Camara A.,Udinese,1,1,6,6,0,0,0,0,0,0,0,0,0,0,0,0,0,"2,6",36
7393,C,Frangella,Sassuolo,1,1,6,6,0,0,0,0,0,0,0,0,0,0,0,0,0,"2,6",36
7395,C,Bettazzi,Pisa,1,1,6,6,0,0,0,0,0,0,0,0,0,0,0,0,0,"2,6",36
7398,C,Grossi J.,Genoa,1,1,6,6,0,0,0,0,0,0,0,0,0,0,0,0,0,"2,6",36
7399,C,Carbone F.,Genoa,1,1,6,6,0,0,0,0,0,0,0,0,0,0,0,0,0,"2,6",36
7400,C,Lottici Tessadri,Cremonese,1,1,6,6,0,0,0,0,0,0,0,0,0,0,0,0,0,"2,6",36
5318,C,Tramoni M.,Pisa,27,27,"5,74","5,98",1,1,2,0,0,0,0,3,0,8,"1,5",2,"0,24","71,1",54
4349,C,Nicolussi Caviglia,Parma,26,26,"5,9","5,98",0,0,4,0,0,0,0,4,0,4,2,0,"0,08","68,4",57
5791,C,Frendrup,Genoa,36,36,"5,96","5,97",1,0,0,0,0,0,0,5,0,3,"2,5",1,"0,01","94,7",67
4479,C,Elmas,Napoli,33,33,"5,83","5,97",1,0,3,0,0,0,0,3,0,6,"1,5",1,"0,14","86,8",62
6680,C,Karlstrom,Udinese,36,36,"5,96","5,96",1,0,0,0,0,0,0,6,0,3,3,1,0,"94,7",67
2528,C,Matic,Sassuolo,34,34,"5,96","5,96",1,0,1,0,0,0,0,6,1,4,4,1,0,"89,5",65
7209,C,Sorensen O.,Parma,34,34,"5,87","5,96",1,0,1,0,0,0,0,2,0,4,1,1,"0,09","89,5",63
632,C,Zaccagni,Lazio,26,26,"5,88","5,96",3,0,0,0,0,1,0,6,1,9,7,3,"0,08","68,4",56
181,C,Vecino,Lazio,13,13,"5,92","5,96",0,0,1,0,0,0,0,1,0,1,"0,5",0,"0,04","34,2",45
7198,C,Piotrowski,Udinese,33,33,"5,89","5,95",1,0,0,0,0,0,0,2,0,3,1,1,"0,06","86,8",62
1871,C,Deiola,Cagliari,20,20,"5,98","5,95",0,0,1,0,0,0,0,3,0,1,"1,5",0,"-0,03","52,6",52
5761,C,Zhegrova,Juventus,19,19,"5,97","5,95",0,0,0,0,0,0,0,1,0,0,"0,5",0,"-0,02",50,51
7208,C,Miller L.,Udinese,24,24,"5,94","5,94",0,0,2,0,0,0,0,4,0,2,2,0,0,"63,2",55
6917,C,Masini,Genoa,28,28,"5,98","5,93",0,0,1,0,0,0,0,5,0,1,"2,5",0,"-0,05","73,7",59
2848,C,Frattesi,Inter,22,22,"5,93","5,93",0,0,0,0,0,0,0,0,0,0,0,0,0,"57,9",53
6528,C,Sarmiento J.,Cremonese,7,7,"5,93","5,93",0,0,0,0,0,0,0,0,0,0,0,0,0,"18,4",39
6020,C,Ellertsson,Genoa,36,36,"5,85","5,92",1,0,1,0,0,0,0,1,1,4,"1,5",1,"0,07","94,7",64
6246,C,Lipani,Sassuolo,24,24,"5,94","5,92",0,0,1,0,0,0,0,3,0,1,"1,5",0,"-0,02","63,2",55
6218,C,Oristanio,Parma,20,20,"5,8","5,92",1,0,0,0,0,0,0,1,0,3,"0,5",1,"0,12","52,6",48
6980,C,Venturino,Roma,12,12,"5,92","5,92",0,0,0,0,0,0,0,0,0,0,0,0,0,"31,6",43
6112,C,Iling Junior,Pisa,5,5,"5,9","5,9",0,0,0,0,0,0,0,0,0,0,0,0,0,"13,2",36
4870,C,Adopo,Cagliari,38,38,"5,83","5,88",1,0,1,0,0,0,0,4,0,4,2,1,"0,05",100,65
6424,C,Prati,Torino,33,33,"5,88","5,88",1,0,0,0,0,0,0,6,0,3,3,1,0,"86,8",61
6010,C,Fazzini,Fiorentina,20,20,"5,92","5,88",0,0,0,0,0,0,0,2,0,0,1,0,"-0,04","52,6",50
5007,C,Ilic,Torino,8,8,6,"5,88",0,0,0,0,0,0,0,2,0,0,1,0,"-0,12","21,1",41
7132,C,Collocolo,Cremonese,8,8,"5,94","5,88",0,0,0,0,0,0,0,1,0,0,"0,5",0,"-0,06","21,1",39
5561,C,Stengs,Pisa,4,4,"5,88","5,88",0,0,0,0,0,0,0,0,0,0,0,0,0,"10,5",34
5688,C,Harroui,Verona,23,23,"5,8","5,87",0,1,0,0,0,0,0,3,0,3,"1,5",1,"0,07","60,5",50
7138,C,Ordonez C.,Parma,28,28,"5,84","5,86",1,0,0,0,0,0,0,3,1,3,"2,5",1,"0,02","73,7",55
6481,C,Payero,Cremonese,25,25,"5,9","5,86",1,0,0,0,0,0,0,8,0,3,4,1,"-0,04","65,8",54
6394,C,Ramadani,Lecce,37,37,"5,91","5,85",1,0,0,0,0,0,0,10,0,3,5,1,"-0,06","97,4",65
6549,C,Pierotti,Lecce,37,37,"5,8","5,85",1,0,1,0,0,0,0,4,0,4,2,1,"0,05","97,4",63
5290,C,Estevez,Parma,31,31,"5,85","5,85",0,0,1,0,0,0,0,2,0,1,1,0,0,"81,6",58
6212,C,Zarraga,Udinese,24,24,"5,9","5,85",0,0,0,0,0,0,0,2,0,0,1,0,"-0,05","63,2",53
6629,C,Dele-Bashiru,Lazio,24,24,"5,73","5,85",1,0,0,0,0,0,0,0,0,3,0,1,"0,12","63,2",49
6191,C,Belahyane,Lazio,13,13,"5,81","5,85",0,0,2,0,0,0,0,1,1,2,"1,5",0,"0,04","34,2",41
801,C,Gagliardini,Verona,29,29,"5,91","5,84",1,0,0,0,0,0,0,10,0,3,5,1,"-0,07","76,3",58
7146,C,Tourè I.,Pisa,32,32,"5,83","5,83",1,0,0,0,0,0,0,4,1,3,3,1,0,"84,2",59
6170,C,Gineitis,Torino,29,29,"5,88","5,83",0,0,1,0,0,0,0,5,0,1,"2,5",0,"-0,05","76,3",57
6889,C,Anjorin,Torino,15,15,"5,87","5,83",0,0,0,0,0,0,0,1,0,0,"0,5",0,"-0,04","39,5",44
6538,C,Onana J.,Genoa,3,3,"5,83","5,83",0,0,0,0,0,0,0,0,0,0,0,0,0,"7,9",32
4284,C,Sergi Roberto,Como,20,20,"5,9","5,82",0,0,0,0,0,0,0,3,0,0,"1,5",0,"-0,08","52,6",49
5850,C,Lovric,Verona,14,14,"5,82","5,82",0,0,1,0,0,0,0,2,0,1,1,0,0,"36,8",42
7203,C,Jashari,Milan,14,14,"5,75","5,82",0,0,1,0,0,0,0,0,0,1,0,0,"0,07","36,8",40
5998,C,Zerbin,Cremonese,32,32,"5,78","5,81",0,0,2,0,0,0,0,2,0,2,1,0,"0,03","84,2",57
5858,C,Ferguson,Bologna,27,27,"5,83","5,81",1,0,0,0,0,0,0,5,1,3,"3,5",1,"-0,02","71,1",54
6593,C,Akinsanmiro,Pisa,24,24,"5,81","5,81",0,0,1,0,0,0,0,2,0,1,1,0,0,"63,2",50
5872,C,Helgason,Lecce,8,8,"5,81","5,81",0,0,0,0,0,0,0,0,0,0,0,0,0,"21,1",36
5784,C,Aebischer,Pisa,35,35,"5,8","5,8",1,0,1,0,0,0,0,8,0,4,4,1,0,"92,1",60
5286,C,Akpa Akpro,Verona,22,22,"5,86","5,8",1,0,0,0,0,0,0,9,0,3,"4,5",1,"-0,06","57,9",49
6410,C,Kaba,Lecce,15,15,"5,83","5,8",0,0,0,0,0,0,0,1,0,0,"0,5",0,"-0,03","39,5",42
7319,C,Fofana Sa.,Lecce,5,5,"5,8","5,8",0,0,0,0,0,0,0,0,0,0,0,0,0,"13,2",33
6024,C,Sulemana I.,Cagliari,19,19,"5,71","5,79",1,0,0,0,0,0,0,3,0,3,"1,5",1,"0,08",50,44
2670,C,Bailey,Roma,7,7,"5,79","5,79",0,0,0,0,0,0,0,0,0,0,0,0,0,"18,4",34
5540,C,Niasse,Verona,20,20,"5,75","5,78",0,0,1,0,0,0,0,1,0,1,"0,5",0,"0,03","52,6",45
5992,C,Bondo,Cremonese,27,27,"5,85","5,76",0,0,0,0,0,0,0,5,0,0,"2,5",0,"-0,09","71,1",53
4423,C,Hernani,Parma,4,4,"5,75","5,75",0,0,0,0,0,0,0,0,0,0,0,0,0,"10,5",30
7165,C,Liteta,Cagliari,4,4,"5,75","5,75",0,0,0,0,0,0,0,0,0,0,0,0,0,"10,5",30
6219,C,Boloca,Sassuolo,2,2,"5,75","5,75",0,0,0,0,0,0,0,0,0,0,0,0,0,"5,3",28
6804,C,Richardson,Fiorentina,2,2,"5,75","5,75",0,0,0,0,0,0,0,0,0,0,0,0,0,"5,3",28
7248,C,Gorter,Lecce,2,2,"5,75","5,75",0,0,0,0,0,0,0,0,0,0,0,0,0,"5,3",28
7145,C,Piccinini G.,Pisa,25,25,"5,8","5,74",0,0,0,0,0,0,0,3,0,0,"1,5",0,"-0,06","65,8",50
5457,C,Maleh,Cremonese,23,23,"5,72","5,74",1,0,0,0,0,0,0,3,1,3,"2,5",1,"0,02","60,5",47
7149,C,Marin M.,Pisa,23,23,"5,89","5,74",0,0,0,0,0,0,0,7,0,0,"3,5",0,"-0,15","60,5",50
7331,C,Loyola,Pisa,11,11,"5,55","5,73",1,0,0,0,0,0,0,0,1,3,1,1,"0,18","28,9",32
7341,C,Amorim,Genoa,11,11,"5,77","5,73",0,0,0,0,0,0,0,1,0,0,"0,5",0,"-0,04","28,9",36
27,C,Grassi,Cremonese,30,30,"5,8","5,72",0,0,0,0,0,0,0,3,1,0,"2,5",0,"-0,08","78,9",54
7322,C,Ngom,Lecce,15,15,"5,73","5,7",0,0,0,0,0,0,0,1,0,0,"0,5",0,"-0,03","39,5",39
4890,C,Tameze,Torino,24,24,"5,75","5,69",0,0,0,0,0,0,0,3,0,0,"1,5",0,"-0,06","63,2",47
5319,C,Sohm,Bologna,28,28,"5,7","5,68",0,0,1,0,0,0,0,3,0,1,"1,5",0,"-0,02","73,7",50
7010,C,Al-Musrati,Verona,18,18,"5,78","5,67",0,0,1,0,0,0,0,4,1,1,3,0,"-0,11","47,4",42
7150,C,Vural,Pisa,15,15,"5,8","5,67",0,0,0,0,0,0,0,4,0,0,2,0,"-0,13","39,5",40
6106,C,Carboni V.,Genoa,12,12,"5,75","5,67",0,0,0,0,0,0,0,2,0,0,1,0,"-0,08","31,6",36
6984,C,Ondrejka,Parma,16,16,"5,72","5,66",0,0,0,0,0,0,0,2,0,0,1,0,"-0,06","42,1",39
4459,C,Rovella,Lazio,11,11,"5,73","5,64",0,0,1,0,0,0,0,2,1,1,2,0,"-0,09","28,9",34
6486,C,Suslov,Verona,11,11,"5,77","5,64",0,0,0,0,0,0,0,1,1,0,"1,5",0,"-0,13","28,9",35
5610,C,Vranckx,Sassuolo,16,16,"5,69","5,62",0,0,0,0,0,0,0,2,0,0,1,0,"-0,07","42,1",38
6722,C,Gronbaek,Genoa,4,4,"5,75","5,62",0,0,0,0,0,0,0,1,0,0,"0,5",0,"-0,13","10,5",28
5685,C,Koopmeiners,Juventus,33,33,"5,68","5,61",0,0,0,0,0,0,0,5,0,0,"2,5",0,"-0,07","86,8",53
6634,C,Tete Morente,Lecce,16,16,"5,59","5,59",0,0,1,0,0,0,0,2,0,1,1,0,0,"42,1",35
7147,C,Hojholt,Pisa,17,17,"5,62","5,56",0,0,0,0,0,0,0,2,0,0,1,0,"-0,06","44,7",36
4856,C,Chukwueze,Milan,1,1,"5,5","5,5",0,0,0,0,0,0,0,0,0,0,0,0,0,"2,6",18
5788,C,Sabiri,Fiorentina,1,1,"5,5","5,5",0,0,0,0,0,0,0,0,0,0,0,0,0,"2,6",18
6506,C,Fini,Genoa,1,1,"5,5","5,5",0,0,0,0,0,0,0,0,0,0,0,0,0,"2,6",18
5719,C,Asllani,Torino,15,15,"5,6","5,3",0,0,0,0,0,1,0,3,0,0,"4,5",0,"-0,3","39,5",30
4677,C,Cornet,Genoa,8,8,"5,44","5,06",0,0,0,0,0,1,0,0,0,0,3,0,"-0,38","21,1",17
7135,C,Stanciu,Genoa,4,4,"5,5","4,75",0,0,0,0,0,1,0,0,0,0,3,0,"-0,75","10,5",10
5585,A,Malen,Roma,18,18,"6,72","8,97",11,3,2,0,0,1,0,1,0,44,"3,5",14,"2,25","47,4",99
2764,A,Martinez L.,Inter,30,30,"6,42","8,25",17,0,6,0,0,0,0,4,0,57,2,17,"1,83","78,9",99
5512,A,De Luca,Cremonese,2,2,"6,5",8,0,1,0,0,0,0,0,0,0,3,0,1,"1,5","5,3",77
4871,A,Thuram,Inter,29,29,"6,43","7,95",13,0,6,0,0,0,0,2,0,45,1,13,"1,52","76,3",99
6052,A,Hojlund,Napoli,33,33,"6,21","7,44",11,1,5,0,0,0,0,1,0,41,"0,5",12,"1,23","86,8",91
2137,A,Scamacca,Atalanta,24,24,"6,17","7,42",8,2,1,0,0,0,0,2,0,31,1,10,"1,25","63,2",82
5637,A,Davis K.,Udinese,30,30,"6,32","7,37",6,4,4,0,0,0,0,5,0,34,"2,5",10,"1,05","78,9",90
7017,A,Douvikas,Como,38,38,"6,17","7,3",13,1,1,0,0,0,0,0,0,43,0,14,"1,13",100,93
6434,A,Yildiz,Juventus,36,36,"6,38","7,26",9,1,6,0,0,1,0,2,0,36,4,10,"0,88","94,7",95
2841,A,Vlahovic,Juventus,19,19,"6,13","7,24",6,1,0,0,0,0,0,0,0,21,0,7,"1,11",50,74
531,A,Berardi,Sassuolo,26,26,"6,31","7,19",6,2,4,0,0,1,0,2,1,28,5,8,"0,88","68,4",83
6435,A,Krstovic,Atalanta,33,33,"6,15","7,15",10,0,5,0,0,0,0,4,0,35,2,10,1,"86,8",86
2061,A,Simeone,Torino,32,32,"6,08","7,09",11,0,0,0,0,0,0,1,0,33,"0,5",11,"1,01","84,2",82
505,A,Bonazzoli,Cremonese,35,35,"6,16","7,01",7,3,2,0,0,0,0,4,0,32,2,10,"0,85","92,1",86
2832,A,Boga,Juventus,15,15,"6,17",7,4,0,1,0,0,0,0,1,0,13,"0,5",4,"0,83","39,5",67
6060,A,Laurientè,Sassuolo,38,38,"6,22","6,96",7,0,9,0,0,0,0,4,0,30,2,7,"0,74",100,89
7071,A,Esposito F.P.,Inter,35,35,"6,23","6,9",7,0,3,0,0,0,0,1,0,24,"0,5",7,"0,67","92,1",85
4463,A,Esposito Se.,Cagliari,36,36,"6,26","6,88",6,1,4,0,0,0,0,6,0,25,3,7,"0,62","94,7",87
4371,A,Raspadori,Atalanta,13,13,"6,12","6,88",3,0,1,0,0,0,0,0,0,10,0,3,"0,76","34,2",63
4510,A,Leao,Milan,29,29,"5,88","6,83",7,2,3,0,0,0,0,5,0,30,"2,5",9,"0,95","76,3",72
6226,A,Castellanos,Lazio,11,11,"6,09","6,82",2,0,3,0,0,0,0,2,0,9,1,2,"0,73","28,9",59
441,A,Belotti,Cagliari,8,8,"6,06","6,81",1,1,0,0,0,0,0,0,0,6,0,2,"0,75","21,1",56
5734,A,Soulè,Roma,33,33,"6,12","6,8",6,0,5,0,0,0,0,1,0,23,"0,5",6,"0,68","86,8",80
7347,A,Bowie,Verona,14,14,"5,96","6,79",4,0,0,0,0,0,0,1,0,12,"0,5",4,"0,83","36,8",59
7342,A,Elphege,Parma,9,9,6,"6,78",2,0,1,0,0,0,0,0,0,7,0,2,"0,78","23,7",55
2097,A,Kean,Fiorentina,26,26,"5,88","6,77",6,2,1,0,0,0,0,4,0,25,2,8,"0,89","68,4",68
6365,A,Ferguson E.,Roma,16,16,"6,09","6,75",3,0,2,0,0,0,0,1,0,11,"0,5",3,"0,66","42,1",63
6675,A,Dovbyk,Roma,14,14,6,"6,71",3,0,1,0,0,0,0,0,0,10,0,3,"0,71","36,8",59
4728,A,Nkunku,Milan,32,32,"5,95","6,7",2,5,3,0,0,0,0,0,0,24,0,7,"0,75","84,2",74
309,A,Dybala,Roma,22,22,"6,25","6,7",2,0,7,0,0,1,0,0,0,13,3,2,"0,45","57,9",71
2531,A,Lukaku,Napoli,5,5,"6,2","6,7",1,0,0,0,0,0,0,1,0,3,"0,5",1,"0,5","13,2",54
6669,A,Bonny,Inter,33,33,"6,12","6,68",5,0,4,0,0,0,0,1,0,19,"0,5",5,"0,56","86,8",78
7023,A,Pellegrino M.,Parma,37,37,"5,99","6,65",8,1,0,0,0,0,0,5,0,27,"2,5",9,"0,66","97,4",79
6646,A,Adams C.,Torino,33,33,"5,98","6,62",6,0,3,0,0,0,0,0,0,21,0,6,"0,64","86,8",74
2489,A,Pedro,Lazio,29,29,"6,1","6,62",3,2,2,0,0,0,0,4,0,17,2,5,"0,52","76,3",73
2499,A,Vardy,Cremonese,29,29,"5,95","6,62",7,0,1,0,0,0,0,5,0,22,"2,5",7,"0,67","76,3",70
5995,A,De Ketelaere,Atalanta,31,31,"6,21","6,6",3,0,5,0,0,0,0,4,0,14,2,3,"0,39","81,6",77
7129,A,Rodriguez Je.,Como,31,31,"6,23","6,6",2,0,8,0,0,0,0,3,1,14,"2,5",2,"0,37","81,6",77
2038,A,Pinamonti,Sassuolo,36,36,"5,89","6,58",9,0,3,0,0,1,0,2,1,30,5,9,"0,69","94,7",75
7374,A,Mendy P.,Cagliari,9,9,"5,94","6,56",2,0,0,0,0,0,0,1,0,6,"0,5",2,"0,62","23,7",50
6001,A,Banda,Lecce,32,32,"6,08","6,55",5,0,4,0,0,0,0,6,1,19,4,5,"0,47","84,2",74
7199,A,Kilicsoy,Cagliari,22,22,"6,02","6,55",4,0,0,0,0,0,0,1,0,12,"0,5",4,"0,53","57,9",64
6552,A,Orban G.,Verona,28,28,"5,82","6,54",5,2,2,0,0,0,0,4,1,23,3,7,"0,72","73,7",65
7127,A,Addai,Como,12,12,"5,96","6,54",3,0,0,0,0,0,0,4,0,9,2,3,"0,58","31,6",53
5455,A,Moreo,Pisa,37,37,"5,99","6,53",5,2,0,0,0,0,0,2,0,21,1,7,"0,54","97,4",77
6572,A,Castro S.,Bologna,35,35,"5,93","6,51",7,0,1,0,0,0,0,3,0,22,"1,5",7,"0,58","92,1",73
5515,A,Okereke,Cremonese,10,10,"5,9","6,5",2,0,0,0,0,0,0,0,0,6,0,2,"0,6","26,3",50
6243,A,Borrelli,Cagliari,27,27,"5,93","6,44",5,0,1,0,0,0,0,4,0,16,2,5,"0,51","71,1",65
7317,A,Trepy,Cagliari,8,8,"6,06","6,44",1,0,0,0,0,0,0,0,0,3,0,1,"0,38","21,1",50
7162,A,Giovane,Napoli,33,33,6,"6,42",3,0,6,0,0,0,0,2,0,15,1,3,"0,42","86,8",72
6556,A,Noslin,Lazio,29,29,"6,02","6,4",4,0,2,0,0,0,0,4,1,14,3,4,"0,38","76,3",68
4923,A,Colombo,Genoa,38,38,"5,92","6,39",6,1,1,0,0,1,0,2,0,22,4,7,"0,47",100,74
5506,A,Ekuban,Genoa,31,31,"5,97","6,39",4,0,1,0,0,0,0,0,0,13,0,4,"0,42","81,6",69
6380,A,Solomon,Fiorentina,16,16,"5,97","6,38",2,0,1,0,0,0,0,1,0,7,"0,5",2,"0,41","42,1",55
4436,A,Cambiaghi,Bologna,28,28,"5,98","6,36",3,0,4,0,0,0,0,3,1,13,"2,5",3,"0,38","73,7",66
6967,A,Diao,Como,17,17,6,"6,35",2,0,1,0,0,0,0,2,0,7,1,2,"0,35","44,7",56
6164,A,Vitinha O.,Genoa,35,35,"5,96","6,34",5,0,1,0,0,0,0,5,0,16,"2,5",5,"0,38","92,1",72
4730,A,Lookman,Atalanta,12,12,"5,83","6,33",2,0,0,0,0,0,0,0,0,6,0,2,"0,5","31,6",48
6653,A,Bravo,Udinese,8,8,6,"6,31",1,0,0,0,0,0,0,1,0,3,"0,5",1,"0,31","21,1",47
5544,A,David,Juventus,35,35,"5,8","6,29",6,0,2,0,0,1,0,0,0,20,3,6,"0,49","92,1",68
5500,A,Cancellieri,Lazio,30,30,"5,93","6,27",4,0,1,0,0,0,0,6,0,13,3,4,"0,34","78,9",65
7120,A,Lang,Napoli,18,18,"6,03","6,25",1,0,2,0,0,0,0,2,0,5,1,1,"0,22","47,4",56
5336,A,Nzola,Sassuolo,30,30,"5,97","6,23",2,2,1,0,0,1,0,2,1,13,5,4,"0,26","78,9",65
5496,A,Johnsen,Cremonese,11,11,"5,86","6,23",1,0,1,0,0,0,0,0,0,4,0,1,"0,37","28,9",46
6822,A,Ekhator,Genoa,30,30,"5,97","6,22",3,0,0,0,0,0,0,3,0,9,"1,5",3,"0,25","78,9",65
6439,A,Cheddira,Lecce,33,33,"5,86","6,21",4,0,1,0,0,0,0,3,0,13,"1,5",4,"0,35","86,8",66
6667,A,Benedyczak,Parma,14,14,"5,96","6,21",0,1,1,0,0,0,0,1,0,4,"0,5",1,"0,25","36,8",50
6981,A,Vaz,Roma,12,12,"5,96","6,21",1,0,0,0,0,0,0,0,0,3,0,1,"0,25","31,6",48
4359,A,Piccoli,Fiorentina,32,32,"5,81","6,2",4,0,1,0,0,0,0,1,0,13,"0,5",4,"0,39","84,2",64
5918,A,Sulemana K.,Atalanta,25,25,6,"6,2",2,0,1,0,0,0,0,4,0,7,2,2,"0,2","65,8",61
7249,A,Buksa,Udinese,25,25,"5,9","6,2",3,0,0,0,0,0,0,3,0,9,"1,5",3,"0,3","65,8",59
247,A,Pavoletti,Cagliari,13,13,6,"6,19",1,0,0,0,0,0,0,1,0,3,"0,5",1,"0,19","34,2",50
7128,A,Kuhn,Como,23,23,"5,98","6,15",1,0,1,0,0,0,0,0,0,4,0,1,"0,17","60,5",58
608,A,Zapata D.,Torino,28,28,"5,86","6,11",3,0,1,0,0,1,0,0,0,10,3,3,"0,25","73,7",60
6643,A,Dallinga,Bologna,23,23,"5,85","6,11",2,0,1,0,0,0,0,2,0,7,1,2,"0,26","60,5",55
7252,A,Stulic,Lecce,34,34,"5,76","6,1",3,1,0,0,0,0,0,1,0,12,"0,5",4,"0,34","89,5",63
7368,A,Vermesan,Verona,6,6,"6,08","6,08",0,0,0,0,0,0,0,0,0,0,0,0,0,"15,8",43
6827,A,Njie,Torino,15,15,"5,87","6,07",1,0,1,0,0,0,0,2,0,4,1,1,"0,2","39,5",47
7001,A,N'Dri,Lecce,27,27,"5,89","6,06",2,0,0,0,0,0,0,3,0,6,"1,5",2,"0,17","71,1",59
6630,A,Mosquera,Verona,22,22,"5,98","6,05",0,0,2,0,0,0,0,1,0,2,"0,5",0,"0,07","57,9",56
6207,A,Almqvist,Parma,13,13,"5,96","6,04",0,0,1,0,0,0,0,0,0,1,0,0,"0,08","34,2",47
6895,A,Dominguez B.,Bologna,15,15,"5,87","6,03",0,0,3,0,0,0,0,1,0,3,"0,5",0,"0,16","39,5",47
6314,A,Openda,Juventus,24,24,"5,88",6,1,0,0,0,0,0,0,0,0,3,0,1,"0,12","63,2",55
5471,A,Djuric,Cremonese,23,23,6,6,0,0,1,0,0,0,0,2,0,1,1,0,0,"60,5",56
6145,A,Ngonge,Torino,20,20,"5,85",6,1,0,1,0,0,0,0,2,0,4,1,1,"0,15","52,6",50
6215,A,Lucca,Napoli,16,16,"5,84",6,1,0,0,0,0,0,0,1,0,3,"0,5",1,"0,16","42,1",47
7171,A,Buffon L.,Pisa,4,4,6,6,0,0,0,0,0,0,0,0,0,0,0,0,0,"10,5",39
7309,A,Isaac,Verona,3,3,6,6,0,0,0,0,0,0,0,0,0,0,0,0,0,"7,9",38
7381,A,Mikolajewski,Parma,3,3,6,6,0,0,0,0,0,0,0,0,0,0,0,0,0,"7,9",38
2012,A,Milik,Juventus,2,2,6,6,0,0,0,0,0,0,0,0,0,0,0,0,0,"5,3",37
2762,A,Kouamè,Fiorentina,2,2,6,6,0,0,0,0,0,0,0,0,0,0,0,0,0,"5,3",37
4179,A,Gonzalez N.,Juventus,2,2,6,6,0,0,0,0,0,0,0,0,0,0,0,0,0,"5,3",37
7262,A,Balentien,Milan,2,2,6,6,0,0,0,0,0,0,0,0,0,0,0,0,0,"5,3",37
7277,A,Arena A.,Roma,2,2,6,6,0,0,0,0,0,0,0,0,0,0,0,0,0,"5,3",37
7338,A,Albarracin,Cagliari,2,2,6,6,0,0,0,0,0,0,0,0,0,0,0,0,0,"5,3",37
7388,A,Mosconi,Inter,2,2,6,6,0,0,0,0,0,0,0,0,0,0,0,0,0,"5,3",37
6997,A,Ajayi,Verona,1,1,6,6,0,0,0,0,0,0,0,0,0,0,0,0,0,"2,6",36
7159,A,Skjellerup,Sassuolo,1,1,6,6,0,0,0,0,0,0,0,0,0,0,0,0,0,"2,6",36
7307,A,Lavelli,Inter,1,1,6,6,0,0,0,0,0,0,0,0,0,0,0,0,0,"2,6",36
7328,A,Nuredini,Genoa,1,1,6,6,0,0,0,0,0,0,0,0,0,0,0,0,0,"2,6",36
7394,A,Vavassori,Atalanta,1,1,6,6,0,0,0,0,0,0,0,0,0,0,0,0,0,"2,6",36
7397,A,Cardinali,Parma,1,1,6,6,0,0,0,0,0,0,0,0,0,0,0,0,0,"2,6",36
7316,A,Durosinmi,Pisa,12,12,"5,75","5,96",1,0,1,0,0,0,0,1,1,4,"1,5",1,"0,21","31,6",40
7272,A,Gueye,Udinese,19,19,"5,84","5,95",1,0,0,0,0,0,0,2,0,3,1,1,"0,11",50,49
1842,A,Pierini,Sassuolo,11,11,6,"5,95",0,0,0,0,0,0,0,1,0,0,"0,5",0,"-0,05","28,9",44
2155,A,Cutrone,Parma,15,15,"5,73","5,93",1,0,0,0,0,0,0,0,0,3,0,1,"0,2","39,5",42
479,A,Sanabria,Cremonese,25,25,"5,78","5,9",1,0,1,0,0,0,0,2,0,4,1,1,"0,12","65,8",52
5672,A,Dia,Lazio,27,27,"5,7","5,87",1,0,2,0,0,0,0,1,0,5,"0,5",1,"0,17","71,1",52
7161,A,Bayo V.,Udinese,15,15,"5,8","5,87",0,0,1,0,0,0,0,0,0,1,0,0,"0,07","39,5",43
7349,A,Kulenovic,Torino,13,13,"5,85","5,85",0,0,1,0,0,0,0,2,0,1,1,0,0,"34,2",42
6836,A,Meister,Pisa,28,28,"5,66","5,84",2,0,0,0,0,0,0,2,0,6,1,2,"0,18","73,7",52
5297,A,Luvumbo,Cagliari,12,12,"5,83","5,83",0,0,0,0,0,0,0,0,0,0,0,0,0,"31,6",40
7264,A,Ambrosino,Napoli,3,3,"5,83","5,83",0,0,0,0,0,0,0,0,0,0,0,0,0,"7,9",32
7158,A,Moro L.,Sassuolo,14,14,"5,82","5,79",0,0,0,0,0,0,0,1,0,0,"0,5",0,"-0,03","36,8",41
2678,A,Fullkrug,Milan,20,20,"5,78","5,78",1,0,0,0,0,1,0,0,0,3,3,1,0,"52,6",46
7239,A,Braschi,Fiorentina,2,2,"5,75","5,75",0,0,0,0,0,0,0,0,0,0,0,0,0,"5,3",28
7183,A,Aboukhlal,Torino,15,15,"5,83","5,7",0,0,0,0,0,0,0,4,0,0,2,0,"-0,13","39,5",41
6159,A,Sarr A.,Verona,34,34,"5,72","5,69",0,0,0,0,0,0,0,0,1,0,1,0,"-0,03","89,5",56
6519,A,Camarda,Lecce,21,21,"5,71","5,69",1,0,0,0,0,1,0,1,0,3,"3,5",1,"-0,02","55,3",44
7313,A,Ratkov,Lazio,8,8,"5,69","5,69",0,0,0,0,0,0,0,0,0,0,0,0,0,"21,1",32
647,A,Dzeko,Fiorentina,11,11,"5,73","5,68",0,0,0,0,0,0,0,1,0,0,"0,5",0,"-0,05","28,9",35
7344,A,Stojilkovic,Pisa,13,13,"5,62","5,62",0,0,0,0,0,0,0,0,0,0,0,0,0,"34,2",34
6555,A,Moumbagna,Cremonese,5,5,"5,6","5,6",0,0,0,0,0,0,0,0,0,0,0,0,0,"13,2",26
7008,A,Gimenez,Milan,16,16,"5,53","5,53",0,0,1,0,0,0,0,2,0,1,1,0,0,"42,1",33
785,A,Immobile,Bologna,6,6,"5,58","5,5",0,0,0,0,0,0,0,1,0,0,"0,5",0,"-0,08","15,8",25
313,A,Morata,Como,26,26,"5,67","5,48",0,0,0,0,0,1,0,2,1,0,5,0,"-0,19","68,4",45
