id,name,team_2627,role,mantra,fvm,has_data_2526,league_2526,rating_2526,mins_2526,goals_2526,assists_2526,xg_2526,xg90_2526,xgot_2526,xa90_2526,shots90_2526,tkl_int90_2526,goals_prevented_2526
5841,Svilar,Roma,P,Por,75.0,True,Serie A,7.26,3420.0,0,0,0.0,0.0,0.0,0.0,0.0,0.1,4.7
5116,Martinez Jo.,Inter,P,Por,63.0,True,Serie A,,450.0,0,0,0.0,0.0,0.0,0.0,0.0,0.0,0.0
4431,Carnesecchi,Atalanta,P,Por,52.0,True,Serie A,7.23,3330.0,0,0,0.0,0.0,0.0,0.0,0.0,0.0,7.1
6966,Butez,Como,P,Por,54.0,True,Serie A,7.38,3420.0,0,1,0.0,0.0,0.0,0.0,0.0,0.1,2.1
4964,Vicario,Juventus,P,Por,58.0,True,Premier League,6.68,2790.0,0,0,0.0,0.0,0.0,0.0,0.0,0.0,-5.2
4312,Maignan,Milan,P,Por,50.0,True,Serie A,7.25,3296.0,0,0,0.0,0.0,0.0,0.0,0.0,0.0,10.5
2521,De Gea,Fiorentina,P,Por,40.0,True,Serie A,6.77,3330.0,0,0,0.0,0.0,0.0,0.0,0.0,0.0,1.1
572,Meret,Napoli,P,Por,53.0,True,Serie A,,980.0,0,1,0.0,0.0,0.0,0.0,0.0,0.0,0.0
133,Skorupski,Bologna,P,Por,36.0,True,Serie A,,1594.0,0,0,0.0,0.0,0.0,0.0,0.0,0.0,-1.0
4360,Caprile,Cagliari,P,Por,28.0,True,Serie A,6.95,3420.0,0,0,0.0,0.0,0.0,0.0,0.0,0.0,3.5
6482,Mandas,Lazio,P,Por,32.0,False,Nessuna / Nuovo 26-27,,,0,0,,,,,,,
2134,Falcone,Lecce,P,Por,30.0,True,Serie A,7.11,3420.0,0,0,0.0,0.0,0.0,0.0,0.0,0.1,6.4
6462,Okoye,Udinese,P,Por,29.0,True,Serie A,7.01,2617.0,0,0,0.0,0.0,0.0,0.0,0.0,0.0,4.4
7332,Bijlow,Genoa,P,Por,17.0,True,Serie A,,1395.0,0,0,0.0,0.0,0.0,0.0,0.0,0.0,0.0
7411,Daffara,Parma,P,Por,10.0,False,Nessuna / Nuovo 26-27,,,0,0,,,,,,,
4236,Muric,Sassuolo,P,Por,15.0,True,Serie A,7.29,2880.0,0,0,0.0,0.0,0.0,0.0,0.0,0.0,5.7
6248,Stankovic F.,Venezia,P,Por,12.0,False,Nessuna / Nuovo 26-27,,,0,0,,,,,,,
6415,Palmisani,Frosinone,P,Por,12.0,False,Nessuna / Nuovo 26-27,,,0,0,,,,,,,
4485,Thiam,Monza,P,Por,11.0,False,Nessuna / Nuovo 26-27,,,0,0,,,,,,,
2170,Milinkovic-Savic V.,Napoli,P,Por,7.0,True,Serie A,7.16,2430.0,0,1,0.0,0.0,0.0,0.0,0.0,0.0,0.6
7463,Desplanches,Frosinone,P,Por,3.0,False,Nessuna / Nuovo 26-27,,,0,0,,,,,,,
2814,Provedel,Inter,P,Por,5.0,True,Serie A,7.21,2430.0,0,0,0.0,0.0,0.0,0.0,0.0,0.0,5.9
4,Sportiello,Atalanta,P,Por,1.0,True,Serie A,,90.0,0,0,0.0,0.0,0.0,0.0,0.0,0.0,0.0
7533,Happonen,Bologna,P,Por,1.0,False,Nessuna / Nuovo 26-27,,,0,0,,,,,,,
7172,Pessina Mas.,Bologna,P,Por,1.0,True,Serie A,,352.0,0,0,0.0,0.0,0.0,0.0,0.0,0.0,0.0
6650,Sherri,Cagliari,P,Por,1.0,False,Nessuna / Nuovo 26-27,,,0,0,,,,,,,
7301,Tornqvist,Como,P,Por,1.0,False,Nessuna / Nuovo 26-27,,,0,0,,,,,,,
2809,Vigorito,Como,P,Por,1.0,False,Nessuna / Nuovo 26-27,,,0,0,,,,,,,
6403,Christensen O.,Fiorentina,P,Por,1.0,True,Serie A,,87.0,0,0,0.0,0.0,0.0,0.0,0.0,0.0,0.0
158,Lezzerini,Fiorentina,P,Por,1.0,True,Serie A,,3.0,0,0,0.0,0.0,0.0,0.0,0.0,0.0,0.0
7466,Lolic,Frosinone,P,Por,1.0,False,Nessuna / Nuovo 26-27,,,0,0,,,,,,,
219,Sommariva,Genoa,P,Por,1.0,True,Serie A,,175.0,0,0,0.0,0.0,0.0,0.0,0.0,0.0,0.0
6569,Stolz,Genoa,P,Por,1.0,False,Nessuna / Nuovo 26-27,,,0,0,,,,,,,
1926,Di Gennaro,Inter,P,Por,1.0,True,Serie A,,9.0,0,0,0.0,0.0,0.0,0.0,0.0,0.0,0.0
1930,Pinsoglio,Juventus,P,Por,1.0,False,Nessuna / Nuovo 26-27,,,0,0,,,,,,,
7337,Motta,Lazio,P,Por,1.0,True,Serie A,,810.0,0,0,0.0,0.0,0.0,0.0,0.0,0.0,0.0
7534,Renzetti,Lazio,P,Por,1.0,False,Nessuna / Nuovo 26-27,,,0,0,,,,,,,
2815,Terracciano,Milan,P,Por,1.0,True,Serie A,6.73,3012.0,2,0,1.9,0.06,1.5,0.02,0.4,2.7,0.0
6813,Torriani,Milan,P,Por,1.0,False,Nessuna / Nuovo 26-27,,,0,0,,,,,,,
7475,Strajnar,Monza,P,Por,1.0,False,Nessuna / Nuovo 26-27,,,0,0,,,,,,,
2845,Contini,Napoli,P,Por,1.0,True,Serie A,,10.0,0,0,0.0,0.0,0.0,0.0,0.0,0.0,0.0
6662,Corvi,Parma,P,Por,10.0,True,Serie A,,1530.0,0,0,0.0,0.0,0.0,0.0,0.0,0.0,0.0
7048,De Marzi,Roma,P,Por,1.0,False,Nessuna / Nuovo 26-27,,,0,0,,,,,,,
610,Gollini,Roma,P,Por,1.0,False,Nessuna / Nuovo 26-27,,,0,0,,,,,,,
4518,Russo A.,Sassuolo,P,Por,1.0,False,Nessuna / Nuovo 26-27,,,0,0,,,,,,,
4867,Turati,Sassuolo,P,Por,1.0,True,Serie A,,533.0,0,0,0.0,0.0,0.0,0.0,0.0,0.0,0.0
7457,Mascardi,Torino,P,Por,13.0,False,Nessuna / Nuovo 26-27,,,0,0,,,,,,,
5320,Paleari,Torino,P,Por,1.0,True,Serie A,6.93,2610.0,0,0,0.0,0.0,0.0,0.0,0.0,0.0,-0.5
7363,Siviero,Torino,P,Por,1.0,False,Nessuna / Nuovo 26-27,,,0,0,,,,,,,
543,Padelli,Udinese,P,Por,1.0,True,Serie A,,180.0,0,0,0.0,0.0,0.0,0.0,0.0,0.0,0.0
5707,Piana,Udinese,P,Por,1.0,False,Nessuna / Nuovo 26-27,,,0,0,,,,,,,
6671,Grandi,Venezia,P,Por,1.0,False,Nessuna / Nuovo 26-27,,,0,0,,,,,,,
7531,Pozzi,Venezia,P,Por,1.0,True,Liga Portugal,6.42,649.0,0,5,0.0,0.01,0.0,0.19,0.1,0.7,0.0
7545,Vismara,Atalanta,P,Por,1.0,False,Nessuna / Nuovo 26-27,,,0,0,,,,,,,
2127,Satalino,Sassuolo,P,Por,1.0,False,Nessuna / Nuovo 26-27,,,0,0,,,,,,,
7557,Penev,Lecce,P,Por,1.0,False,Nessuna / Nuovo 26-27,,,0,0,,,,,,,
7560,Pisseri,Frosinone,P,Por,1.0,False,Nessuna / Nuovo 26-27,,,0,0,,,,,,,
3,Radunovic,Cagliari,P,Por,1.0,False,Nessuna / Nuovo 26-27,,,0,0,,,,,,,
4957,Montipò,Venezia,P,Por,1.0,True,Serie A,6.59,3150.0,0,1,0.0,0.0,0.0,0.0,0.0,0.0,-10.7
4468,Bleve,Lecce,P,Por,1.0,False,Nessuna / Nuovo 26-27,,,0,0,,,,,,,
7603,Grabara,Juventus,P,Por,1.0,True,Bundesliga,6.84,3060.0,0,0,0.0,0.0,0.0,0.0,0.0,0.0,-0.5
7611,Mrozek,Udinese,P,Por,1.0,False,Nessuna / Nuovo 26-27,,,0,0,,,,,,,
254,Dimarco,Inter,D,E;W,253.0,True,Serie A,7.74,2704.0,7,17,5.2,0.17,5.1,0.38,2.2,2.7,
4998,Molina N.,Roma,D,E,80.0,True,La Liga,6.98,1321.0,2,2,0.5,0.03,1.1,0.11,1.0,3.6,
7181,Wesley,Roma,D,E,82.0,True,Brasileirao,,983.0,1,2,0.3,0.0,0.7,0.0,0.0,0.0,
4159,Akanji,Inter,D,Dc,51.0,True,Serie A,7.19,2820.0,2,0,2.0,0.07,1.7,0.04,0.7,2.7,
2788,Bremer,Juventus,D,Dc,60.0,True,Serie A,7.31,2175.0,4,3,2.8,0.12,2.0,0.05,1.0,2.5,
2296,Mancini,Roma,D,Dc,49.0,True,Serie A,7.21,3066.0,4,2,2.5,0.07,3.3,0.04,0.6,2.9,
2120,Bastoni,Inter,D,Dc,43.0,True,Serie A,7.42,2249.0,1,4,1.4,0.05,1.1,0.12,0.7,2.9,
5022,Pavlovic,Milan,D,Dc,48.0,True,Serie A,7.17,2870.0,5,1,3.5,0.11,3.0,0.04,0.8,2.3,
4409,Rrahmani,Napoli,D,Dc,51.0,True,Serie A,7.34,1800.0,2,1,1.4,0.07,1.7,0.02,0.8,2.3,
4976,Kalulu,Juventus,D,Dd;Dc,46.0,True,Serie A,7.24,3282.0,2,4,1.7,0.05,1.4,0.09,0.4,2.4,
4317,N'Dicka,Roma,D,Dc,44.0,True,Serie A,7.12,2683.0,3,0,2.0,0.07,2.6,0.03,0.8,2.4,
6956,Solet,Udinese,D,Dc,46.0,True,Serie A,7.23,2961.0,3,1,2.8,0.08,2.1,0.07,1.0,3.8,
6217,Bisseck,Inter,D,Dc,37.0,True,Serie A,7.25,1922.0,3,1,2.5,0.12,2.2,0.05,1.2,2.3,
2514,Stones,Inter,D,Dc,30.0,True,Premier League,,439.0,0,0,0.0,0.0,0.0,0.0,0.0,0.0,
5833,Gila,Milan,D,Dc,31.0,True,Serie A,6.98,2481.0,0,0,1.4,0.05,1.3,0.02,0.4,2.6,
2816,Di Lorenzo,Napoli,D,Dd;E,40.0,True,Serie A,7.14,2278.0,2,1,2.0,0.08,2.7,0.11,1.0,2.2,
5982,Spence,Inter,D,E,40.0,True,Premier League,6.63,2056.0,0,0,0.9,0.04,0.7,0.08,0.6,2.7,
5750,Ostigard,Genoa,D,Dc,43.0,True,Serie A,7.16,2623.0,5,1,3.4,0.12,5.9,0.03,0.8,2.2,
5526,Scalvini,Atalanta,D,Dc,28.0,True,Serie A,7.29,1817.0,3,1,2.6,0.13,3.7,0.08,0.9,4.4,
6869,Ramon,Como,D,Dc,32.0,True,Brasileirao,6.85,1949.0,0,0,0.5,0.02,0.1,0.07,0.6,2.7,
5885,Dodò,Fiorentina,D,Dd;E,20.0,True,Serie A,7.13,3139.0,1,2,2.2,0.06,1.3,0.14,0.7,1.7,
4807,Hermoso,Roma,D,Dc,26.0,True,Serie A,7.08,2096.0,3,2,1.8,0.08,2.6,0.03,0.9,2.7,
5514,Vasquez,Genoa,D,Ds;Dc,32.0,True,Serie A,6.88,3217.0,1,0,1.3,0.04,1.2,0.02,0.7,3.0,
5520,Cambiaso,Juventus,D,Dd;Ds;E,25.0,True,Serie A,7.06,2794.0,3,4,2.9,0.09,3.5,0.18,0.8,2.6,
6989,Tiago Gabriel,Lecce,D,Dc,20.0,True,Serie A,6.88,3220.0,2,0,3.6,0.1,1.4,0.0,0.6,3.1,
5641,Chalobah T.,Como,D,Dd;Dc,30.0,True,Premier League,7.01,2782.0,3,0,1.4,0.05,2.5,0.03,0.5,2.2,
6046,Hien,Atalanta,D,Dc,11.0,True,Serie A,6.81,1965.0,1,0,0.8,0.04,0.9,0.01,0.4,3.5,
554,Zappacosta,Atalanta,D,Dd;E,19.0,True,Serie A,6.98,2580.0,3,3,2.3,0.08,2.4,0.17,1.3,1.5,
6042,Lucumì,Juventus,D,Dc,18.0,True,Serie A,6.96,2287.0,1,0,1.0,0.04,1.0,0.02,0.3,2.9,
4734,Miranda J.,Bologna,D,Ds;E,24.0,True,Serie A,7.27,2573.0,1,3,0.6,0.02,0.3,0.14,0.5,2.9,
4210,Mina,Cagliari,D,Dc,20.0,True,Serie A,6.82,2153.0,2,0,1.6,0.07,1.9,0.03,0.5,2.4,
6531,Jimenez A.,Fiorentina,D,Dd;Ds;E,23.0,True,Premier League,6.99,2323.0,1,0,1.1,0.04,1.1,0.06,0.8,3.7,
6814,Norton-Cuffy,Genoa,D,Dd;E,21.0,True,Serie A,6.8,2214.0,2,1,1.6,0.07,2.3,0.07,0.7,2.1,
4657,Celik,Juventus,D,B;Dd;E,15.0,True,Serie A,7.04,2730.0,1,2,1.5,0.05,0.9,0.07,0.7,2.8,
6320,Doekhi,Lazio,D,Dc,16.0,True,Bundesliga,6.94,3060.0,5,0,4.2,0.12,4.3,0.05,1.4,2.5,
6496,Bartesaghi,Milan,D,Ds;E,22.0,True,Serie A,6.93,2442.0,2,0,1.1,0.04,1.0,0.15,0.8,2.2,
1852,Spinazzola,Napoli,D,Ds;E,25.0,True,Serie A,6.94,1901.0,3,3,1.2,0.06,0.8,0.16,1.0,1.3,
6664,Delprato,Parma,D,B;Dd;E,21.0,True,Serie A,6.69,2953.0,2,0,2.1,0.06,2.0,0.03,0.5,1.8,
5862,Valeri,Parma,D,Ds;E,24.0,True,Serie A,6.78,2645.0,0,2,0.7,0.02,0.7,0.14,0.8,2.3,
7529,Koulierakis,Roma,D,Dc,17.0,True,Bundesliga,6.83,2481.0,4,1,3.2,0.12,4.0,0.05,0.9,2.7,
4994,Vojvoda,Udinese,D,Dd;E,19.0,True,Serie A,6.73,1592.0,2,2,1.4,0.08,1.4,0.15,1.0,1.5,
5555,Kamara H.,Udinese,D,Ds;E,12.0,True,Serie A,6.91,1869.0,0,2,0.6,0.03,0.5,0.1,0.8,2.6,
6727,Couto,Como,D,Dd;E,26.0,True,Bundesliga,,993.0,2,2,1.0,0.09,1.8,0.27,0.8,2.4,
5701,Obert,Cagliari,D,B;Ds;E,15.0,True,Serie A,6.9,2782.0,0,3,1.4,0.05,0.4,0.07,0.3,3.6,
7414,Kaiki,Como,D,Ds;E,16.0,True,Brasileirao,7.34,2954.0,1,5,3.5,0.11,4.0,0.1,1.2,4.3,
5365,Dragusin,Fiorentina,D,Dc,27.0,True,Premier League,,515.0,0,0,0.3,0.0,0.0,0.0,0.0,0.0,
5877,Carlos Augusto,Inter,D,B;Ds;E,25.0,True,Serie A,6.91,1753.0,1,1,1.5,0.07,1.5,0.08,1.0,2.8,
460,Romagnoli,Lazio,D,Dc,22.0,True,Serie A,6.86,2667.0,0,0,1.5,0.05,1.7,0.01,0.3,1.9,
4401,Gabbia,Milan,D,Dc,24.0,True,Serie A,6.92,2531.0,0,0,1.4,0.05,0.8,0.01,0.7,1.2,
4751,Tomori,Milan,D,Dc,8.0,True,Serie A,6.97,2563.0,0,2,0.6,0.02,0.3,0.03,0.3,3.3,
2724,Buongiorno,Napoli,D,Dc,15.0,True,Serie A,6.95,2519.0,0,1,1.4,0.05,0.7,0.03,0.3,2.6,
6672,Idzes,Sassuolo,D,Dc,19.0,True,Serie A,6.69,3063.0,0,0,0.2,0.01,0.0,0.02,0.1,2.0,
6642,Coco,Torino,D,Dc,14.0,True,Serie A,6.75,3090.0,1,1,0.9,0.03,0.8,0.02,0.4,3.0,
5010,Ismajli,Torino,D,Dc,13.0,True,Serie A,6.95,1907.0,0,1,0.3,0.01,1.8,0.01,0.3,3.2,
6485,Kristensen T.,Atalanta,D,Dd;Dc,20.0,True,Serie A,6.98,2475.0,3,0,1.0,0.04,2.5,0.01,0.4,1.8,
4664,Badiashile,Napoli,D,Dc,21.0,True,Premier League,,471.0,0,0,0.0,0.0,0.0,0.0,0.0,0.0,
7580,Sutalo J.,Lazio,D,Dc,19.0,True,Eredivisie,6.92,1797.0,0,0,0.2,0.01,0.0,0.03,0.2,2.5,
6916,Ahanor,Atalanta,D,B;Ds;E,14.0,True,Serie A,6.83,1374.0,0,0,1.9,0.13,0.8,0.05,0.9,3.9,
4887,Bellanova,Atalanta,D,Dd;E,17.0,True,Serie A,6.76,1374.0,0,1,0.5,0.03,0.9,0.15,0.9,1.8,
7219,Bernasconi,Atalanta,D,Ds;E,18.0,True,Serie A,7.02,1569.0,0,3,0.4,0.02,0.1,0.2,0.5,2.5,
7212,Heggem,Bologna,D,Ds;Dc,15.0,True,Championship,,90.0,0,0,0.0,0.0,0.0,0.0,0.0,0.0,
4433,Zortea,Bologna,D,Dd;E,19.0,True,Serie A,6.61,1811.0,0,2,0.4,0.02,0.3,0.12,0.5,2.3,
6867,Valle,Como,D,Ds;E,21.0,True,Serie A,6.97,2025.0,1,4,1.0,0.05,0.9,0.05,0.5,3.3,
7294,Valdepenas,Fiorentina,D,Ds;Dc,18.0,True,La Liga,7.02,2520.0,0,0,0.0,0.0,0.0,0.0,0.0,0.0,
7410,Viery,Fiorentina,D,Ds;Dc,17.0,True,Brasileirao,,48.0,0,0,0.0,0.0,0.0,0.0,0.0,0.0,
4952,Monterisi,Frosinone,D,Dc,13.0,False,Nessuna / Nuovo 26-27,,,0,0,,,,,,,
6660,Marcandalli,Genoa,D,Dc,14.0,True,Serie A,6.75,2599.0,0,2,0.3,0.01,0.7,0.03,0.2,1.8,
4177,Pavard,Inter,D,Dd;Dc,14.0,True,Ligue 1,6.91,1929.0,1,2,0.8,0.04,0.9,0.05,0.5,2.5,
5620,Tavares N.,Lazio,D,Ds;E,12.0,True,Serie A,7.0,1471.0,0,0,0.6,0.04,0.0,0.12,1.0,2.9,
2188,Marusic,Lazio,D,Dd;Ds;E,20.0,True,Serie A,6.82,2783.0,1,2,1.3,0.04,1.3,0.05,0.5,2.2,
6632,Gaspar K.,Lecce,D,Dc,12.0,True,Serie A,6.65,1830.0,0,0,0.9,0.04,0.0,0.01,0.4,1.9,
6990,Veiga D.,Lecce,D,Dd;E,12.0,True,Serie A,6.8,3022.0,0,1,0.2,0.01,0.7,0.05,0.2,3.9,
4502,Gallo,Lecce,D,Ds;E,13.0,True,Serie A,6.93,3058.0,0,4,0.5,0.01,0.5,0.09,0.2,2.1,
7485,Mangas,Monza,D,Ds;E,15.0,True,Liga Portugal,,875.0,2,1,2.0,0.0,2.7,0.0,0.0,0.0,
6202,Beukema,Napoli,D,Dc,12.0,True,Serie A,6.96,1680.0,2,0,1.7,0.09,2.0,0.03,0.4,1.8,
6495,Comuzzo,Torino,D,Dc,13.0,True,Serie A,6.57,1695.0,1,0,1.0,0.05,1.2,0.01,0.5,3.0,
7253,Bella-Kotchap,Venezia,D,Dc,13.0,True,Serie A,,1347.0,0,0,0.1,0.01,0.0,0.02,0.2,3.4,
7329,Obrador,Sassuolo,D,Ds;E,15.0,True,Liga Portugal,,68.0,0,0,0.0,0.0,0.0,0.0,0.0,0.0,
2640,Kolasinac,Atalanta,D,Ds;Dc,8.0,True,Serie A,,1219.0,0,0,0.2,0.01,0.0,0.02,0.2,2.8,
7068,Vitik,Bologna,D,Dc,10.0,True,Serie A,6.88,1324.0,0,0,0.4,0.02,0.0,0.01,0.5,3.1,
5678,Holm,Bologna,D,Dd;E,13.0,True,Serie A,,884.0,1,4,1.3,0.0,0.9,0.0,0.0,0.0,
7532,Kofler,Cagliari,D,Dc,8.0,False,Nessuna / Nuovo 26-27,,,0,0,,,,,,,
7274,Zè Pedro,Cagliari,D,Dd;Dc,13.0,True,Liga Portugal,,28.0,0,0,0.0,0.0,0.0,0.0,0.0,0.0,
6893,Kempf,Como,D,Dc,13.0,True,Serie A,7.01,2323.0,4,1,2.8,0.11,2.7,0.03,0.8,1.3,
5449,Parisi,Fiorentina,D,Ds;E,10.0,True,Serie A,6.94,1527.0,1,1,1.3,0.08,0.9,0.1,1.4,2.4,
7469,Bracaglia,Frosinone,D,Ds;Dc,12.0,False,Nessuna / Nuovo 26-27,,,0,0,,,,,,,
6238,Oyono A.,Frosinone,D,Dd;E,10.0,False,Nessuna / Nuovo 26-27,,,0,0,,,,,,,
2593,Martin,Genoa,D,Ds;E,8.0,True,Serie A,7.24,1569.0,6,3,1.8,0.11,3.4,0.27,1.6,1.5,
6766,Kelly L.,Juventus,D,Ds;Dc,12.0,True,Serie A,7.12,2998.0,1,1,1.1,0.03,0.5,0.04,0.5,1.8,
4817,Pedraza,Lazio,D,Ds;E,15.0,True,La Liga,6.96,1690.0,1,3,1.1,0.06,0.7,0.14,0.6,3.7,
7240,Siebert,Lecce,D,Dc,12.0,True,Serie A,6.65,1700.0,1,0,0.4,0.02,1.0,0.01,0.3,2.2,
5840,Olivera,Napoli,D,B;Ds;E,13.0,True,Serie A,6.84,1369.0,0,0,1.4,0.09,0.4,0.04,0.5,3.8,
6986,Rensch,Roma,D,B;Dd;E,14.0,True,Serie A,,1180.0,1,4,0.3,0.02,0.8,0.18,0.5,3.7,
6426,Pedersen,Torino,D,Dd;E,12.0,True,Serie A,6.5,2135.0,1,2,1.7,0.07,1.1,0.08,0.6,1.4,
6890,Moreno M.,Venezia,D,Dc,6.0,True,La Liga,6.8,2256.0,0,0,1.0,0.04,0.0,0.03,0.4,2.8,
4845,Correia T.,Venezia,D,Dd;E,12.0,True,La Liga,6.72,1394.0,0,2,0.4,0.02,0.1,0.12,0.3,3.1,
5695,Haps,Venezia,D,Ds;E,10.0,False,Nessuna / Nuovo 26-27,,,0,0,,,,,,,
7069,Fortini,Torino,D,E,12.0,True,Serie A,,530.0,0,0,0.2,0.0,0.3,0.0,0.0,0.0,
7564,Leysen F.,Sassuolo,D,Ds;Dc,12.0,True,Belgian Pro League,7.13,1872.0,1,1,1.4,0.07,1.3,0.02,0.5,3.0,
7268,Rodriguez Ju.,Cagliari,D,Ds;Dc,14.0,True,Serie A,,1315.0,1,0,0.8,0.0,1.2,0.0,0.0,0.0,
4461,Zappa,Cagliari,D,B;Dd;E,7.0,True,Serie A,6.62,1594.0,0,3,0.9,0.05,0.4,0.08,0.6,2.6,
7014,Smolcic I.,Como,D,Dd;E,10.0,True,Serie A,6.96,1665.0,0,1,0.9,0.05,0.4,0.04,0.6,3.3,
5603,Pongracic,Fiorentina,D,Dc,8.0,True,Serie A,6.82,2917.0,0,0,0.7,0.02,0.3,0.02,0.2,2.1,
7467,Calvani,Frosinone,D,Dc,12.0,True,La Liga,6.7,1609.0,0,0,0.3,0.02,0.0,0.01,0.2,2.1,
7537,Mitaj,Genoa,D,Ds;E,10.0,False,Nessuna / Nuovo 26-27,,,0,0,,,,,,,
5831,Gatti,Juventus,D,Dc,10.0,True,Serie A,,1089.0,2,0,2.1,0.17,3.0,0.01,1.2,2.1,
5739,De Winter,Milan,D,Dd;Dc,12.0,True,Serie A,6.91,1798.0,1,1,0.7,0.03,0.9,0.02,0.4,2.2,
5273,Estupinan,Milan,D,Ds;E,13.0,True,Serie A,,1036.0,1,1,0.4,0.03,0.5,0.13,0.8,2.3,
2115,Delli Carri,Monza,D,Dc,11.0,False,Nessuna / Nuovo 26-27,,,0,0,,,,,,,
6659,Lucchesi,Monza,D,Dc,12.0,False,Nessuna / Nuovo 26-27,,,0,0,,,,,,,
5838,Birindelli,Monza,D,Dd;Ds;E,12.0,False,Nessuna / Nuovo 26-27,,,0,0,,,,,,,
7235,Troilo,Parma,D,Dc,14.0,True,Serie A,6.83,1628.0,1,0,0.7,0.04,1.4,0.04,0.5,2.5,
5307,Valenti,Parma,D,Dc,10.0,True,Serie A,6.89,2251.0,0,0,0.6,0.02,0.7,0.03,0.7,3.0,
6631,Ghilardi,Roma,D,Dc,10.0,True,Serie A,6.73,1086.0,0,0,0.3,0.03,0.0,0.02,0.2,4.2,
4374,Walukiewicz,Sassuolo,D,Dd;Dc,10.0,True,Serie A,6.8,2855.0,0,1,0.2,0.01,0.0,0.07,0.2,2.4,
5851,Doig,Sassuolo,D,Ds;E,10.0,True,Serie A,6.56,1919.0,0,0,0.7,0.03,0.5,0.05,0.5,2.6,
7526,Comert,Torino,D,Dc,12.0,True,La Liga,,1339.0,2,1,1.2,0.0,1.1,0.0,0.0,0.0,
4263,Kabasele,Udinese,D,Dc,12.0,True,Serie A,6.78,2256.0,3,0,1.3,0.05,2.9,0.0,0.4,2.1,
5820,Bertola,Udinese,D,Dd;Ds;Dc,10.0,True,Serie A,6.78,1760.0,0,1,0.6,0.03,0.6,0.04,0.7,3.1,
5527,Zanoli,Udinese,D,Dd;E,10.0,True,Serie A,6.94,1290.0,1,2,0.1,0.01,0.6,0.07,0.2,2.2,
7312,Arizala,Udinese,D,Ds;E,8.0,True,Serie A,,183.0,0,0,0.0,0.0,0.0,0.0,0.0,0.0,
7538,Halhal,Venezia,D,Dc,10.0,True,Belgian Pro League,6.9,2849.0,1,2,0.9,0.03,1.0,0.03,0.4,2.9,
4375,Terzic,Frosinone,D,Ds;E,8.0,False,Nessuna / Nuovo 26-27,,,0,0,,,,,,,
7563,Favasuli,Napoli,D,Dd;Ds;E,11.0,False,Nessuna / Nuovo 26-27,,,0,0,,,,,,,
5578,Kossounou,Atalanta,D,Dd;Dc,12.0,True,Serie A,,985.0,1,0,0.4,0.04,0.2,0.02,0.5,2.4,
5498,Casale,Bologna,D,Dc,5.0,True,Serie A,,675.0,0,0,0.7,0.0,0.0,0.0,0.0,0.0,
7326,Helland,Bologna,D,Dd;Dc,12.0,True,Serie A,,488.0,0,0,0.1,0.0,0.0,0.0,0.0,0.0,
7125,Idrissi R.,Cagliari,D,Ds;E,3.0,True,Serie A,6.5,767.0,2,0,0.5,0.06,1.2,0.02,0.7,3.4,
4378,Ranieri L.,Fiorentina,D,Ds;Dc,10.0,True,Serie A,6.81,2463.0,1,0,1.9,0.07,0.5,0.04,0.7,2.1,
7175,Joao Mario,Fiorentina,D,Dd;E,12.0,True,Serie A,,994.0,1,0,0.3,0.03,0.2,0.08,0.6,2.5,
7540,Akpoguma,Frosinone,D,Dc,6.0,True,Bundesliga,,58.0,0,0,0.0,0.0,0.0,0.0,0.0,0.0,
5757,Cittadini,Frosinone,D,Dc,8.0,False,Nessuna / Nuovo 26-27,,,0,0,,,,,,,
7012,Provstgaard,Lazio,D,Dc,14.0,True,Serie A,6.64,1527.0,0,0,0.3,0.02,0.1,0.02,0.4,1.6,
7131,Floriani Mussolini,Lazio,D,Dd;E,10.0,True,Serie A,6.29,1164.0,0,1,0.4,0.03,0.0,0.06,0.4,2.5,
7238,Kouadio,Monza,D,Dd;Dc,9.0,True,Serie A,,70.0,0,0,0.0,0.0,0.0,0.0,0.0,0.0,
4925,Carboni A.,Monza,D,Ds;Dc,9.0,False,Nessuna / Nuovo 26-27,,,0,0,,,,,,,
7255,Britschgi,Parma,D,Dd;Ds;E,10.0,True,Serie A,6.51,2095.0,0,2,0.4,0.02,0.3,0.06,0.6,1.7,
6985,Candè,Sassuolo,D,Ds;Dc,7.0,True,Serie A,,507.0,0,0,0.2,0.0,0.0,0.0,0.0,0.0,
6925,Palma,Udinese,D,Dc,11.0,True,Serie A,,116.0,0,0,0.0,0.0,0.0,0.0,0.0,0.0,
5994,Ebosse,Udinese,D,Ds;Dc,5.0,True,Serie A,,1331.0,0,1,0.0,0.0,0.0,0.0,0.0,0.0,
6892,Schingtienne,Venezia,D,Dc,10.0,False,Nessuna / Nuovo 26-27,,,0,0,,,,,,,
6673,Sverko,Venezia,D,Ds;Dc,7.0,False,Nessuna / Nuovo 26-27,,,0,0,,,,,,,
6821,Hainaut,Venezia,D,Dd;E,12.0,False,Nessuna / Nuovo 26-27,,,0,0,,,,,,,
7154,Odenthal,Sassuolo,D,Dc,8.0,True,Serie A,,1.0,0,0,0.0,0.0,0.0,0.0,0.0,0.0,
7605,Tchato,Frosinone,D,Dd;E,8.0,False,Nessuna / Nuovo 26-27,,,0,0,,,,,,,
6601,Kambwala,Como,D,Dd;Dc,8.0,True,La Liga,,86.0,0,0,0.0,0.0,0.0,0.0,0.0,0.0,
7483,Alhassane,Bologna,D,Ds;E,6.0,True,La Liga,6.64,1710.0,0,0,0.1,0.0,0.0,0.06,0.2,3.5,
6896,Van Der Brempt,Como,D,Dd;E,5.0,True,Serie A,,930.0,0,1,0.2,0.02,0.0,0.11,0.3,3.7,
6977,Otoa,Genoa,D,Dc,5.0,True,Serie A,,829.0,0,0,0.1,0.0,0.6,0.0,0.0,0.0,
7413,Puczka,Genoa,D,Ds;E,3.0,False,Nessuna / Nuovo 26-27,,,0,0,,,,,,,
791,Sabelli,Genoa,D,Dd;Ds;E,5.0,True,Serie A,,919.0,0,0,0.5,0.0,0.0,0.0,0.0,0.0,
2263,Lazzari,Lazio,D,Dd;E,5.0,True,Serie A,,933.0,0,0,0.2,0.01,0.4,0.03,0.4,1.9,
2728,Pellegrini Lu.,Lazio,D,Ds;E,7.0,True,Serie A,6.92,1475.0,4,2,5.3,0.32,4.4,0.19,2.0,1.6,
6883,Jean,Lecce,D,Dc,4.0,True,Brasileirao,,199.0,0,0,0.2,0.0,0.0,0.0,0.0,0.0,
7182,Ndaba,Lecce,D,Ds;E,5.0,True,Serie A,,539.0,0,0,0.1,0.0,0.0,0.0,0.0,0.0,
7525,Diawara S.,Milan,D,Ds;Dc,4.0,False,Nessuna / Nuovo 26-27,,,0,0,,,,,,,
7476,Bakoune,Monza,D,Dd;E,4.0,False,Nessuna / Nuovo 26-27,,,0,0,,,,,,,
6638,Marin R.,Napoli,D,Dc,8.0,True,Ligue 1,,180.0,0,0,0.0,0.0,0.0,0.0,0.0,0.0,
7202,Ndiaye,Parma,D,Dc,8.0,True,Serie A,,780.0,0,0,0.6,0.0,0.0,0.0,0.0,0.0,
252,Biraghi,Torino,D,B;Ds;E,5.0,True,Serie A,,511.0,0,0,0.1,0.0,0.0,0.0,0.0,0.0,
6021,Abankwah,Udinese,D,Dd;Dc,10.0,True,Championship,6.68,2602.0,1,0,0.5,0.02,0.2,0.02,0.3,2.3,
7478,Franjic,Venezia,D,B;Ds;E,7.0,False,Nessuna / Nuovo 26-27,,,0,0,,,,,,,
6681,Sagrado,Venezia,D,Dd;E,4.0,False,Nessuna / Nuovo 26-27,,,0,0,,,,,,,
7548,Aurelio,Cagliari,D,Ds;E,5.0,True,Bundesliga,,141.0,0,0,0.0,0.0,0.0,0.0,0.0,0.0,
7573,Cinquegrano,Sassuolo,D,Dd;E,4.0,False,Nessuna / Nuovo 26-27,,,0,0,,,,,,,
5812,Terracciano F.,Milan,D,B;Dd;Ds,4.0,True,Serie A,6.73,3012.0,2,0,1.9,0.06,1.5,0.02,0.4,2.7,
487,De Silvestri,Bologna,D,Dd;E,4.0,True,Serie A,,491.0,0,0,0.0,0.0,0.0,0.0,0.0,0.0,
418,Goldaniga,Como,D,Dc,1.0,True,Serie A,,14.0,0,0,0.0,0.0,0.0,0.0,0.0,0.0,
5424,Amey,Frosinone,D,Dc,1.0,False,Nessuna / Nuovo 26-27,,,0,0,,,,,,,
294,Rugani,Juventus,D,Dc,3.0,True,Serie A,,577.0,0,0,0.1,0.0,0.0,0.0,0.0,0.0,
6039,Cabal,Juventus,D,B;Ds;E,4.0,True,Serie A,,287.0,2,0,0.8,0.0,1.2,0.0,0.0,0.0,
327,Patric,Lazio,D,Dd;Dc,1.0,True,Serie A,,662.0,0,0,0.3,0.0,0.0,0.0,0.0,0.0,
5399,Antov,Monza,D,Dc,2.0,False,Nessuna / Nuovo 26-27,,,0,0,,,,,,,
6809,Marianucci,Napoli,D,Dc,3.0,True,Serie A,,691.0,0,1,0.0,0.0,0.0,0.0,0.0,0.0,
5481,Mazzocchi,Napoli,D,Dd;Ds;E,3.0,True,Serie A,,300.0,0,1,0.0,0.0,0.1,0.0,0.0,0.0,
6149,Carboni F.,Parma,D,Ds;E,3.0,True,Serie A,,111.0,0,0,0.0,0.0,0.0,0.0,0.0,0.0,
7260,Ziolkowski,Roma,D,Dc,2.0,True,Serie A,,508.0,0,0,0.1,0.0,0.0,0.0,0.0,0.0,
6189,Missori,Sassuolo,D,Dd;E,2.0,False,Nessuna / Nuovo 26-27,,,0,0,,,,,,,
7156,Pieragnolo,Sassuolo,D,Ds;E,1.0,False,Nessuna / Nuovo 26-27,,,0,0,,,,,,,
7356,Mlacic,Udinese,D,Dc,3.0,True,Serie A,,162.0,0,0,0.0,0.0,0.0,0.0,0.0,0.0,
7454,Gomes,Venezia,D,Ds;Dc,1.0,True,Premier League,6.43,960.0,3,0,2.1,0.2,1.5,0.04,1.9,3.0,
7553,Omar Fayed,Frosinone,D,Dc,1.0,True,Liga Portugal,,553.0,0,0,0.0,0.0,0.0,0.0,0.0,0.0,
7599,Lulli,Roma,D,E,3.0,False,Nessuna / Nuovo 26-27,,,0,0,,,,,,,
7604,Maye,Monza,D,Ds;Dc,1.0,True,Brasileirao,,1036.0,0,0,0.2,0.0,0.0,0.0,0.0,0.0,
6875,Paz N.,Como,C,T;A,247.0,True,Serie A,7.67,2882.0,12,6,8.5,0.27,11.7,0.14,3.8,3.7,
2194,Calhanoglu,Inter,C,M;C,236.0,True,Serie A,7.8,1649.0,9,4,5.7,0.31,7.4,0.19,2.7,2.8,
4777,McTominay,Napoli,C,C;T,228.0,True,Serie A,7.3,2793.0,10,3,11.0,0.35,10.4,0.05,3.3,1.6,
2167,Orsolini,Bologna,C,W;A,192.0,True,Serie A,7.02,2115.0,10,1,9.7,0.41,10.2,0.05,3.5,1.2,
2423,Pulisic,Milan,C,T;A,160.0,True,Serie A,7.11,1611.0,8,4,8.1,0.45,7.6,0.23,3.0,1.0,
2379,Rabiot,Milan,C,C;T,145.0,True,Ligue 1,,90.0,0,0,0.0,0.0,0.0,0.0,0.0,0.0,
7126,Baturina,Como,C,T,97.0,True,Serie A,7.24,1569.0,6,3,1.8,0.11,3.4,0.27,1.6,1.5,
7556,Mora,Roma,C,T,95.0,True,Liga Portugal,6.81,1179.0,1,1,2.8,0.21,1.9,0.29,2.8,2.1,
5559,Da Cunha,Como,C,C;T,87.0,True,Serie A,7.33,2748.0,6,4,6.6,0.22,6.7,0.17,1.3,2.5,
2766,Zaniolo,Udinese,C,T;A,85.0,True,Serie A,6.87,2269.0,5,6,5.5,0.22,5.0,0.15,2.9,1.3,
1870,Barella,Inter,C,C,80.0,True,Serie A,7.44,2533.0,3,8,3.2,0.11,3.0,0.24,1.2,2.2,
4973,McKennie,Juventus,C,C,70.0,True,Serie A,7.22,2841.0,5,5,7.5,0.24,5.1,0.19,1.4,2.1,
6908,Atta,Fiorentina,C,C;T,86.0,True,Serie A,6.99,2563.0,5,3,4.0,0.14,4.3,0.08,2.0,1.6,
632,Zaccagni,Lazio,C,W;A,88.0,True,Serie A,7.0,2114.0,3,0,4.1,0.17,5.2,0.12,1.4,2.4,
2517,De Bruyne,Napoli,C,T,107.0,True,Serie A,,1169.0,5,2,4.0,0.0,5.2,0.0,0.0,0.0,
5800,Gudmundsson A.,Fiorentina,C,T;A,40.0,True,Serie A,6.71,2258.0,5,4,5.6,0.22,6.2,0.1,1.6,0.4,
7314,Taylor K.,Lazio,C,C;T,57.0,True,Eredivisie,,1279.0,2,4,3.2,0.0,2.9,0.0,0.0,0.0,
5687,Vlasic,Torino,C,T,75.0,True,Serie A,7.18,3053.0,8,3,7.0,0.21,8.6,0.1,1.4,2.6,
5792,Ederson D.S.,Atalanta,C,M;C,49.0,True,Serie A,7.14,2235.0,2,1,4.4,0.18,2.8,0.07,1.4,3.5,
5119,Samardzic,Atalanta,C,C;T,41.0,True,Serie A,6.7,1023.0,2,1,3.0,0.26,2.7,0.23,2.2,1.9,
7129,Rodriguez Je.,Como,C,W;A,31.0,True,Serie A,6.93,1734.0,2,9,4.0,0.21,2.0,0.22,2.3,1.6,
7436,Alajbegovic,Juventus,C,W;T,50.0,False,Nessuna / Nuovo 26-27,,,0,0,,,,,,,
6884,Conceicao,Juventus,C,W;A,67.0,True,Serie A,7.21,2098.0,3,5,7.8,0.33,6.0,0.22,3.1,1.8,
2606,Modric,Milan,C,M;C,46.0,True,Serie A,7.58,2816.0,2,3,1.6,0.05,2.7,0.15,0.6,2.8,
7078,Mastantuono,Fiorentina,C,W;T,54.0,True,La Liga,6.71,1037.0,1,0,3.1,0.27,2.7,0.2,2.6,2.0,
6372,Moreira,Milan,C,W,50.0,True,Ligue 1,7.17,1717.0,4,7,2.7,0.14,4.7,0.32,2.1,2.4,
5172,Jones C.,Inter,C,C,48.0,True,Premier League,6.96,1929.0,1,2,2.8,0.13,2.5,0.13,1.1,2.7,
6844,Rowe,Bologna,C,W;T,44.0,True,Ligue 1,,63.0,0,0,0.2,0.0,0.0,0.0,0.0,0.0,
5823,Baldanzi,Genoa,C,T,30.0,True,Serie A,,784.0,1,2,2.0,0.0,1.9,0.0,0.0,0.0,
152,Zielinski,Inter,C,C,45.0,True,Serie A,7.23,2044.0,6,3,2.5,0.11,2.9,0.14,1.3,1.6,
4220,Zambo Anguissa,Napoli,C,C,47.0,True,Serie A,,1256.0,4,1,2.5,0.0,4.1,0.0,0.0,0.0,
6684,Ekkelenkamp,Udinese,C,C;T,45.0,True,Serie A,6.93,2203.0,5,3,4.9,0.2,3.1,0.07,1.3,2.5,
6151,Perrone,Como,C,M;C,37.0,True,Serie A,7.12,2748.0,3,4,2.1,0.07,1.9,0.1,0.6,2.5,
5562,Thuram K.,Juventus,C,C,35.0,True,Serie A,7.12,2453.0,3,3,3.1,0.11,3.6,0.13,1.8,2.6,
4892,Saelemaekers,Milan,C,E;W,35.0,True,Serie A,7.37,2797.0,3,3,3.3,0.11,2.7,0.16,1.4,3.2,
536,Politano,Napoli,C,W,40.0,True,Serie A,6.96,2213.0,2,5,2.4,0.1,2.1,0.2,2.0,0.8,
7223,Vergara,Napoli,C,W;T,40.0,True,Serie A,,614.0,1,2,0.8,0.0,1.0,0.0,0.0,0.0,
5589,Konè M.,Roma,C,M;C,42.0,True,Serie A,7.14,2459.0,2,3,2.1,0.08,2.2,0.09,0.8,2.5,
5844,Thorstvedt,Sassuolo,C,C;T,40.0,True,Serie A,7.09,2458.0,4,4,6.3,0.23,6.4,0.07,1.6,2.8,
5888,Casadei,Torino,C,C;T,32.0,True,Serie A,6.76,1990.0,6,0,4.2,0.19,5.9,0.07,1.6,2.1,
530,Pellegrini Lo.,Roma,C,C;T,25.0,True,Serie A,6.92,1475.0,4,2,5.3,0.32,4.4,0.19,2.0,1.6,
2077,Pasalic,Atalanta,C,C;T,24.0,True,Serie A,6.82,1932.0,3,4,2.7,0.12,2.5,0.13,1.1,1.8,
184,Bernardeschi,Bologna,C,W;T,30.0,True,Serie A,6.85,1209.0,4,2,3.0,0.22,4.3,0.17,2.9,1.0,
1933,Mandragora,Fiorentina,C,C,23.0,True,Serie A,7.03,2438.0,7,3,4.7,0.17,5.4,0.1,2.4,2.2,
6274,Diouf,Inter,C,E;C,44.0,True,Ligue 1,,90.0,0,0,0.2,0.0,0.8,0.0,0.0,0.0,
2848,Frattesi,Lazio,C,C;T,68.0,True,Serie A,,553.0,0,0,2.2,0.35,1.2,0.03,2.6,2.9,
5500,Cancellieri,Lazio,C,W;A,28.0,True,Serie A,6.81,1730.0,4,2,4.3,0.22,4.2,0.08,2.1,3.4,
6398,Isaksen,Lazio,C,W;A,22.0,True,Serie A,6.71,1598.0,5,1,5.0,0.28,4.4,0.07,2.7,1.3,
6717,Konè I.,Sassuolo,C,C,20.0,True,Serie A,6.91,2756.0,6,0,5.2,0.17,4.2,0.06,0.8,1.5,
4364,Gaetano,Atalanta,C,M;C,30.0,True,Serie A,6.4,857.0,1,0,2.0,0.21,0.5,0.09,2.5,1.1,
2765,Odgaard,Bologna,C,T,17.0,True,Serie A,6.67,1381.0,5,1,2.5,0.16,2.8,0.09,2.3,1.7,
4436,Cambiaghi,Bologna,C,W;A,21.0,True,Serie A,6.72,1520.0,3,4,2.1,0.13,2.7,0.14,1.4,2.3,
4465,Fagioli,Fiorentina,C,M;C,22.0,True,Serie A,7.17,2564.0,2,3,2.5,0.09,2.3,0.13,1.2,2.2,
6294,Ndour,Fiorentina,C,C,25.0,True,Serie A,6.55,1872.0,3,0,2.6,0.13,3.0,0.06,1.2,2.4,
7070,Sucic P.,Inter,C,C,21.0,True,Serie A,6.97,1765.0,2,2,1.7,0.08,1.6,0.16,1.1,2.8,
827,Locatelli,Juventus,C,M;C,33.0,True,Serie A,7.56,3004.0,1,2,2.8,0.08,2.4,0.15,1.4,4.3,
5878,Colpani,Monza,C,T,25.0,False,Nessuna / Nuovo 26-27,,,0,0,,,,,,,
4287,Lobotka,Napoli,C,M;C,22.0,True,Serie A,7.06,2435.0,1,1,0.5,0.02,0.9,0.07,0.3,1.6,
779,Cristante,Roma,C,M;C,29.0,True,Serie A,7.18,3103.0,2,1,2.1,0.06,1.7,0.08,1.3,2.9,
5735,Volpato,Sassuolo,C,W;T,23.0,True,Serie A,6.78,1063.0,2,4,1.7,0.14,1.1,0.14,1.8,1.9,
7551,Schmid,Frosinone,C,W;T,28.0,True,Bundesliga,7.25,2988.0,4,8,7.8,0.24,6.7,0.31,1.7,1.7,
5858,Ferguson,Bologna,C,M;C,23.0,True,Serie A,,776.0,3,2,2.6,0.0,3.5,0.0,0.0,0.0,
4870,Adopo,Cagliari,C,M;C,13.0,True,Serie A,6.74,3055.0,1,2,2.5,0.07,2.8,0.03,0.8,2.6,
7311,Romano,Cagliari,C,M;C,20.0,True,Serie A,6.29,1164.0,0,1,0.4,0.03,0.0,0.06,0.4,2.5,
6010,Fazzini,Cagliari,C,C;T,24.0,True,Serie A,,575.0,0,0,1.1,0.17,0.0,0.12,1.4,3.7,
7472,Calò,Frosinone,C,M;C,25.0,True,Brasileirao,,730.0,0,0,0.2,0.0,0.2,0.0,0.0,0.0,
5791,Frendrup,Genoa,C,M;C,20.0,True,Serie A,7.04,3089.0,1,0,0.4,0.01,0.3,0.03,0.2,4.1,
4459,Rovella,Lazio,C,M;C,16.0,True,Serie A,,513.0,0,1,0.0,0.0,0.0,0.0,0.0,0.0,
5504,Coulibaly L.,Lecce,C,M;C,17.0,True,Serie A,6.86,2695.0,3,1,2.8,0.09,2.6,0.04,0.9,1.9,
4856,Chukwueze,Milan,C,W,22.0,True,Premier League,6.78,1075.0,3,4,2.1,0.17,3.1,0.28,2.1,1.1,
2741,Pessina,Monza,C,M;C,15.0,True,Serie A,,352.0,0,0,0.0,0.0,0.0,0.0,0.0,0.0,
6666,Bernabè,Parma,C,C,35.0,True,Serie A,7.01,2493.0,3,1,2.2,0.08,3.0,0.11,1.8,2.0,
6190,Pisilli,Roma,C,C,17.0,True,Serie A,6.85,1284.0,2,4,1.7,0.12,2.7,0.08,1.3,3.6,
6218,Oristanio,Torino,C,W;T,12.0,True,Serie A,6.4,857.0,1,0,2.0,0.21,0.5,0.09,2.5,1.1,
6680,Karlstrom,Udinese,C,M;C,20.0,True,Serie A,6.87,3152.0,1,0,0.8,0.02,0.3,0.03,0.6,2.5,
6783,Unai Gomez,Udinese,C,T,17.0,True,La Liga,6.26,932.0,1,1,2.1,0.21,2.4,0.09,2.2,1.4,
5946,Sow,Genoa,C,M;C,15.0,True,La Liga,6.74,2195.0,5,4,1.8,0.07,3.1,0.07,0.8,2.7,
4479,Elmas,Atalanta,C,W;T,28.0,True,Serie A,6.79,1782.0,1,3,2.9,0.15,1.9,0.1,1.4,1.6,
5422,Zalewski,Atalanta,C,W,20.0,True,Serie A,7.01,1906.0,2,4,2.9,0.14,2.1,0.21,1.8,2.2,
5298,Pobega,Bologna,C,M;C,13.0,True,Serie A,6.69,1436.0,3,1,1.7,0.11,2.3,0.04,1.6,3.5,
4260,Winks,Cagliari,C,M;C,15.0,True,Championship,6.92,2570.0,1,2,1.1,0.04,1.1,0.09,1.2,2.3,
7412,Milla,Como,C,M;C,20.0,True,La Liga,6.81,1986.0,7,1,7.1,0.32,9.5,0.12,2.7,2.5,
5036,Caqueret,Como,C,C;T,17.0,True,Serie A,6.86,1487.0,2,6,2.3,0.14,1.6,0.14,1.1,2.9,
6678,Liberali,Como,C,T,21.0,False,Nessuna / Nuovo 26-27,,,0,0,,,,,,,
7464,Oulai,Fiorentina,C,M;C,20.0,False,Nessuna / Nuovo 26-27,,,0,0,,,,,,,
6020,Ellertsson,Genoa,C,E;C,18.0,True,Serie A,6.52,2769.0,1,1,2.3,0.07,1.0,0.06,0.8,1.9,
5761,Zhegrova,Juventus,C,W,20.0,True,Serie A,,367.0,0,0,0.8,0.2,1.3,0.35,4.7,1.2,
6549,Pierotti,Lecce,C,W,19.0,True,Serie A,6.49,2613.0,1,2,3.3,0.11,1.9,0.05,1.1,3.6,
6593,Akinsanmiro,Monza,C,C,16.0,True,Serie A,6.75,1445.0,0,1,0.9,0.05,0.1,0.08,0.8,4.1,
4349,Nicolussi Caviglia,Parma,C,M;C,16.0,True,Serie A,6.63,1459.0,0,4,0.9,0.06,0.4,0.11,1.2,2.1,
2528,Matic,Sassuolo,C,M;C,15.0,True,Serie A,6.9,2669.0,1,1,0.4,0.01,0.8,0.05,0.4,2.3,
6170,Gineitis,Torino,C,M;C,12.0,True,Serie A,6.76,1763.0,0,1,1.0,0.05,0.7,0.12,1.4,3.4,
5674,Basic,Venezia,C,M;C,19.0,True,Serie A,6.91,1746.0,2,3,1.4,0.07,1.6,0.1,1.5,1.7,
7146,Tourè I.,Monza,C,E;M,15.0,False,Nessuna / Nuovo 26-27,,,0,0,,,,,,,
7528,Amondarain,Bologna,C,M;C,12.0,False,Nessuna / Nuovo 26-27,,,0,0,,,,,,,
6640,Felici,Cagliari,C,W,8.0,True,Serie A,,409.0,2,1,0.6,0.0,1.6,0.0,0.0,0.0,
7127,Addai,Como,C,W;A,10.0,True,Serie A,,688.0,3,0,1.5,0.0,1.7,0.0,0.0,0.0,
5998,Zerbin,Frosinone,C,W,12.0,True,Serie A,6.36,1644.0,0,3,1.6,0.09,1.0,0.11,1.1,2.4,
7341,Amorim,Genoa,C,M;C,11.0,True,Liga Portugal,7.08,1630.0,2,0,0.7,0.04,1.2,0.09,0.9,3.3,
7409,Meichtry,Genoa,C,W;T,11.0,False,Nessuna / Nuovo 26-27,,,0,0,,,,,,,
2857,Traorè Hj.,Genoa,C,W;T,11.0,True,Ligue 1,,619.0,2,1,2.2,0.0,2.7,0.0,0.0,0.0,
2529,Mkhitaryan,Inter,C,C,10.0,True,Serie A,6.99,1555.0,4,1,4.9,0.28,3.5,0.18,2.5,2.7,
5685,Koopmeiners,Juventus,C,C;T,13.0,True,Serie A,6.69,1819.0,0,0,1.5,0.07,1.0,0.07,1.4,2.5,
6629,Dele-Bashiru,Lazio,C,C;T,13.0,True,Serie A,6.44,1182.0,1,0,0.9,0.07,0.5,0.04,0.7,1.6,
6015,Berisha M.,Lecce,C,C;T,12.0,True,Serie A,,880.0,2,3,1.2,0.0,1.2,0.0,0.0,0.0,
7318,Gandelman,Lecce,C,C;T,10.0,True,Belgian Pro League,,1427.0,7,1,5.0,0.0,5.1,0.0,0.0,0.0,
4686,Fofana Y.,Milan,C,M;C,10.0,True,Serie A,6.78,2217.0,2,3,3.7,0.15,3.9,0.14,1.8,2.5,
7203,Jashari,Milan,C,C,13.0,True,Serie A,,700.0,0,1,0.2,0.0,0.2,0.0,0.0,0.0,
6898,Keita M.,Parma,C,M;C,15.0,True,Serie A,6.94,2991.0,1,1,0.7,0.02,0.9,0.01,0.5,3.5,
6677,Adzic,Sassuolo,C,C;T,16.0,True,Serie A,,163.0,1,0,0.2,0.0,1.3,0.0,0.0,0.0,
7036,Bakola,Sassuolo,C,C;T,14.0,True,Ligue 1,,68.0,0,0,0.1,0.0,0.0,0.0,0.0,0.0,
7060,Cacciamani,Torino,C,E;W,20.0,False,Nessuna / Nuovo 26-27,,,0,0,,,,,,,
6827,Njie,Torino,C,W;A,14.0,True,Serie A,,289.0,1,1,1.0,0.0,0.8,0.0,0.0,0.0,
7198,Piotrowski,Udinese,C,M;C,15.0,True,Serie A,6.63,1697.0,1,1,2.7,0.14,1.9,0.04,1.9,3.3,
5507,Busio,Venezia,C,M;C,14.0,False,Nessuna / Nuovo 26-27,,,0,0,,,,,,,
5319,Sohm,Venezia,C,C,11.0,True,Serie A,6.48,1430.0,0,1,0.8,0.05,0.7,0.1,0.6,1.8,
6994,Perez K.,Venezia,C,C;T,15.0,False,Nessuna / Nuovo 26-27,,,0,0,,,,,,,
7550,Grillitsch,Frosinone,C,M;C,10.0,True,Liga Portugal,6.91,1129.0,1,1,0.7,0.06,1.1,0.08,0.6,3.1,
6618,Cissè A.,Milan,C,W;T,25.0,True,Ligue 1,,90.0,0,0,0.0,0.0,0.0,0.0,0.0,0.0,
22,De Roon,Atalanta,C,M;C,8.0,True,Serie A,7.07,2704.0,1,2,0.8,0.03,1.5,0.07,0.5,3.6,
6054,Moro N.,Bologna,C,M;C,14.0,True,Serie A,6.97,1797.0,2,0,0.9,0.05,0.7,0.11,1.1,2.5,
6895,Dominguez B.,Sassuolo,C,W;A,12.0,True,Serie A,,543.0,0,3,0.7,0.0,0.1,0.0,0.0,0.0,
1871,Deiola,Cagliari,C,M;C,8.0,True,Serie A,6.69,1435.0,0,2,1.5,0.1,1.4,0.02,1.4,3.1,
6206,Fabbian,Fiorentina,C,C;T,8.0,True,Serie A,6.39,1167.0,2,0,2.4,0.19,2.1,0.07,1.6,1.4,
7473,Cichella,Frosinone,C,M;C,12.0,False,Nessuna / Nuovo 26-27,,,0,0,,,,,,,
7474,Koutsoupias,Frosinone,C,C,11.0,False,Nessuna / Nuovo 26-27,,,0,0,,,,,,,
6506,Fini,Frosinone,C,W,13.0,True,Serie A,,31.0,0,0,0.0,0.0,0.0,0.0,0.0,0.0,
4970,Messias,Genoa,C,W;T,8.0,True,Serie A,6.79,675.0,3,1,1.9,0.25,2.4,0.22,2.5,3.4,
5301,Luis Henrique,Inter,C,E;W,12.0,True,Serie A,7.01,1622.0,1,2,0.9,0.05,1.6,0.1,0.8,1.4,
4911,Douglas Luiz,Juventus,C,C,15.0,True,Premier League,,923.0,1,0,0.5,0.05,0.9,0.14,1.1,3.7,
333,Cataldi,Lazio,C,M;C,12.0,True,Serie A,7.02,1992.0,3,3,3.0,0.13,2.7,0.06,1.2,2.4,
7322,Ngom,Lecce,C,M;C,13.0,True,Liga Portugal,,832.0,0,1,1.3,0.0,0.1,0.0,0.0,0.0,
5453,Ricci S.,Milan,C,M;C,10.0,True,Serie A,6.72,1297.0,1,4,1.5,0.11,1.8,0.13,1.2,1.7,
4199,Loftus-Cheek,Milan,C,C;T,18.0,True,Serie A,6.61,1127.0,3,1,3.2,0.25,2.8,0.09,2.3,1.5,
6252,Folorunsho,Napoli,C,C;T,5.0,True,Serie A,6.51,2007.0,2,0,3.4,0.15,1.8,0.05,1.6,1.5,
6207,Almqvist,Parma,C,W;A,11.0,True,Serie A,,452.0,0,1,0.4,0.0,0.6,0.0,0.0,0.0,
7536,Diallo O.,Parma,C,W;A,12.0,False,Nessuna / Nuovo 26-27,,,0,0,,,,,,,
6271,El Aynaoui,Roma,C,M;C,18.0,True,Serie A,6.73,991.0,1,2,1.1,0.1,1.1,0.09,0.5,3.3,
7535,Fitz-Jim,Torino,C,M;C,18.0,True,Eredivisie,,516.0,1,0,0.9,0.16,1.1,0.28,2.3,6.3,
6005,Ilkhan,Torino,C,M;C,10.0,True,Serie A,,1008.0,1,2,2.2,0.2,1.2,0.06,1.1,3.5,
7208,Miller L.,Udinese,C,M;C,12.0,True,Serie A,,992.0,0,2,0.4,0.03,0.1,0.07,0.8,2.5,
6024,Sulemana I.,Atalanta,C,M;C,7.0,True,Serie A,,895.0,1,0,1.6,0.16,0.9,0.02,1.1,2.4,
4947,Brescianini,Fiorentina,C,C;T,12.0,True,Serie A,6.54,1034.0,2,1,1.8,0.16,1.6,0.07,1.1,1.3,
6241,Gelli F.,Frosinone,C,C;T,8.0,False,Nessuna / Nuovo 26-27,,,0,0,,,,,,,
6903,Hasa,Frosinone,C,C;T,5.0,False,Nessuna / Nuovo 26-27,,,0,0,,,,,,,
6917,Masini,Frosinone,C,M;C,8.0,True,Serie A,6.77,1400.0,0,1,1.9,0.12,0.6,0.06,1.2,6.0,
6503,Stankovic A.,Inter,C,M;C,7.0,True,Belgian Pro League,7.26,3076.0,6,2,4.7,0.14,6.4,0.12,2.2,2.4,
5813,Miretti,Juventus,C,C;T,7.0,True,Serie A,,605.0,1,2,2.1,0.31,1.3,0.27,2.7,3.2,
7248,Gorter,Lecce,C,M;C,12.0,True,Serie A,,27.0,0,0,0.0,0.0,0.0,0.0,0.0,0.0,
5457,Maleh,Lecce,C,M;C,7.0,True,Serie A,6.4,1565.0,1,0,1.0,0.06,0.5,0.03,1.3,3.0,
5295,Musah,Milan,C,C;W,15.0,True,Serie A,,651.0,1,0,0.6,0.09,0.9,0.11,1.0,2.1,
7477,Colombo L.,Monza,C,M;C,7.0,True,Serie A,6.46,2346.0,7,1,8.3,0.32,11.1,0.05,2.5,0.8,
5131,Gilmour,Napoli,C,M;C,10.0,True,Serie A,,803.0,1,0,0.7,0.0,1.1,0.0,0.0,0.0,
7138,Ordonez C.,Parma,C,M;C,5.0,True,Serie A,6.23,1084.0,1,0,0.5,0.04,0.3,0.03,0.8,2.8,
7209,Sorensen O.,Parma,C,C,12.0,True,Serie A,6.42,1835.0,1,1,1.6,0.08,1.4,0.03,0.7,1.7,
7183,Aboukhlal,Torino,C,W;A,5.0,True,Serie A,,508.0,0,0,0.3,0.0,0.8,0.0,0.0,0.0,
5872,Helgason,Venezia,C,C;T,3.0,True,Serie A,,140.0,0,0,0.2,0.0,0.6,0.0,0.0,0.0,
6225,El Azzouzi O.,Bologna,C,M;C,10.0,True,Ligue 1,,813.0,1,0,0.5,0.0,0.7,0.0,0.0,0.0,
6815,Fadera,Cagliari,C,W,12.0,True,Serie A,6.43,975.0,2,1,2.1,0.19,2.7,0.11,1.2,3.9,
6980,Venturino,Genoa,C,W,4.0,True,Serie A,,236.0,0,0,0.2,0.0,0.0,0.0,0.0,0.0,
5880,Ciurria,Monza,C,E;W,6.0,False,Nessuna / Nuovo 26-27,,,0,0,,,,,,,
6219,Boloca,Sassuolo,C,M;C,5.0,True,Serie A,,135.0,0,0,0.2,0.0,0.0,0.0,0.0,0.0,
6246,Lipani,Sassuolo,C,M;C,5.0,True,Serie A,6.47,1028.0,0,1,0.9,0.07,0.6,0.04,1.1,3.8,
7418,Chakvetadze,Udinese,C,W;T,6.0,True,Championship,6.75,1797.0,0,3,1.6,0.08,0.8,0.18,1.1,1.6,
526,Duncan,Venezia,C,C,4.0,False,Nessuna / Nuovo 26-27,,,0,0,,,,,,,
6592,Forson O.,Monza,C,W;T,1.0,False,Nessuna / Nuovo 26-27,,,0,0,,,,,,,
7165,Liteta,Cagliari,C,M;C,1.0,True,Serie A,,266.0,0,0,0.0,0.0,0.0,0.0,0.0,0.0,
7357,Lahdo,Como,C,C;T,1.0,True,Ligue 1,,418.0,1,1,0.4,0.0,0.4,0.0,0.0,0.0,
7456,El Azzouzi A.,Frosinone,C,M;C,1.0,False,Nessuna / Nuovo 26-27,,,0,0,,,,,,,
5725,Kone B.,Frosinone,C,C,3.0,False,Nessuna / Nuovo 26-27,,,0,0,,,,,,,
6191,Belahyane,Lazio,C,M;C,3.0,True,Serie A,,605.0,0,2,0.2,0.0,0.0,0.0,0.0,0.0,
7345,Przyborek,Lazio,C,W;T,5.0,True,Serie A,,8.0,0,0,0.0,0.0,0.0,0.0,0.0,0.0,
6410,Kaba,Lecce,C,M;C,2.0,True,Ligue 1,,946.0,0,2,1.0,0.0,0.7,0.0,0.0,0.0,
7319,Fofana Sa.,Lecce,C,M;C,1.0,True,Serie A,,81.0,0,0,0.2,0.0,0.0,0.0,0.0,0.0,
7276,Cremaschi,Parma,C,E;C,3.0,True,Serie A,,129.0,0,0,0.0,0.0,0.0,0.0,0.0,0.0,
7157,Iannoni,Sassuolo,C,M;C,1.0,True,Serie A,,248.0,1,0,0.4,0.0,0.6,0.0,0.0,0.0,
5007,Ilic,Lecce,C,C,8.0,True,Serie A,,415.0,0,0,0.0,0.0,0.0,0.0,0.0,0.0,
6889,Anjorin,Torino,C,C;T,4.0,True,Serie A,,277.0,0,0,0.5,0.0,0.3,0.0,0.0,0.0,
6212,Zarraga,Udinese,C,M;C,4.0,True,Serie A,,457.0,0,0,0.3,0.06,0.0,0.05,0.8,2.4,
7481,Dagasso,Venezia,C,C,1.0,False,Nessuna / Nuovo 26-27,,,0,0,,,,,,,
7571,Laerke,Lecce,C,W;A,1.0,False,Nessuna / Nuovo 26-27,,,0,0,,,,,,,
7572,Comotto,Milan,C,M;C,1.0,False,Nessuna / Nuovo 26-27,,,0,0,,,,,,,
7574,Foe Ondoa,Monza,C,C,2.0,False,Nessuna / Nuovo 26-27,,,0,0,,,,,,,
7575,Mout,Monza,C,C,2.0,False,Nessuna / Nuovo 26-27,,,0,0,,,,,,,
5585,Malen,Roma,A,Pc,414.0,True,Premier League,,645.0,4,1,4.1,0.57,2.9,0.05,3.8,0.6,
2764,Martinez L.,Inter,A,Pc,367.0,True,Serie A,7.47,2178.0,17,6,13.5,0.56,13.1,0.11,3.8,1.3,
4871,Thuram,Inter,A,Pc,263.0,True,Serie A,7.28,1913.0,13,6,9.4,0.44,11.4,0.12,3.5,1.1,
6397,Ramos G.,Milan,A,Pc,228.0,True,Ligue 1,6.7,1309.0,6,1,9.0,0.62,8.8,0.1,4.0,1.2,
6052,Hojlund,Napoli,A,Pc,257.0,True,Serie A,6.83,2761.0,12,5,10.6,0.35,11.4,0.09,2.0,0.1,
2097,Kean,Fiorentina,A,Pc,187.0,True,Serie A,6.79,2041.0,8,1,15.1,0.66,10.7,0.01,4.3,0.6,
5951,Kolo Muani,Juventus,A,Pc,211.0,True,Premier League,6.3,1670.0,1,1,2.2,0.12,1.9,0.1,1.1,1.8,
6434,Yildiz,Juventus,A,A,150.0,True,Serie A,7.5,2838.0,10,6,8.2,0.26,9.6,0.31,3.1,1.0,
7017,Douvikas,Como,A,Pc,170.0,True,Serie A,6.82,2278.0,14,1,12.1,0.48,11.9,0.06,2.6,0.7,
6435,Krstovic,Atalanta,A,Pc,100.0,True,Serie A,7.03,1786.0,10,5,14.0,0.71,11.3,0.11,5.0,1.0,
2137,Scamacca,Atalanta,A,Pc,123.0,True,Serie A,6.93,1319.0,10,1,6.7,0.46,8.3,0.06,3.9,0.7,
5637,Davis K.,Udinese,A,Pc,109.0,True,Serie A,6.96,2079.0,10,4,10.1,0.44,9.9,0.1,2.2,0.6,
4510,Leao,Milan,A,A,75.0,True,Serie A,7.05,1859.0,9,3,9.9,0.48,9.1,0.16,3.1,0.5,
531,Berardi,Sassuolo,A,A,101.0,True,Serie A,7.13,1968.0,8,4,5.8,0.27,7.4,0.15,1.8,2.3,
5995,De Ketelaere,Atalanta,A,A,98.0,True,Serie A,7.12,2188.0,3,5,3.6,0.15,2.8,0.36,1.9,1.2,
7071,Esposito F.P.,Inter,A,Pc,105.0,True,Serie A,6.78,1561.0,7,3,7.4,0.43,10.4,0.08,3.3,0.8,
6675,Dovbyk,Bologna,A,Pc,58.0,True,Serie A,,386.0,3,1,2.5,0.0,3.5,0.0,0.0,0.0,
309,Dybala,Roma,A,A,95.0,True,Serie A,7.09,1355.0,2,6,4.8,0.32,4.7,0.34,2.9,1.0,
6060,Laurientè,Sassuolo,A,A,86.0,True,Serie A,6.96,2615.0,7,9,3.8,0.13,5.0,0.16,2.4,1.1,
2061,Simeone,Torino,A,Pc,80.0,True,Serie A,6.81,2245.0,11,0,9.9,0.4,8.7,0.03,3.2,0.8,
4371,Raspadori,Atalanta,A,A,76.0,True,La Liga,,226.0,0,1,0.7,0.0,1.7,0.0,0.0,0.0,
7351,Santos A.,Napoli,A,W;A,62.0,True,Liga Portugal,,180.0,0,2,0.7,0.35,0.4,0.64,8.0,1.5,
7023,Pellegrino M.,Fiorentina,A,Pc,50.0,True,Serie A,6.63,2991.0,9,1,8.6,0.26,6.8,0.03,2.2,0.6,
6572,Castro S.,Roma,A,Pc,76.0,True,Serie A,6.72,2366.0,7,2,7.2,0.28,6.6,0.03,2.4,0.4,
4463,Esposito Se.,Cagliari,A,A,40.0,True,Serie A,7.14,2699.0,7,5,5.0,0.17,5.1,0.15,1.9,2.6,
2038,Pinamonti,Lazio,A,Pc,51.0,True,Serie A,6.55,2572.0,9,3,8.8,0.31,12.6,0.04,2.5,0.4,
7547,Kevin Carlos,Cagliari,A,Pc,37.0,True,Ligue 1,6.12,874.0,0,0,1.8,0.19,1.3,0.03,2.3,0.3,
5734,Soulè,Roma,A,A,45.0,True,Serie A,7.08,2161.0,6,5,4.0,0.17,6.0,0.18,2.2,1.2,
7484,Adams A.,Venezia,A,Pc,45.0,False,Nessuna / Nuovo 26-27,,,0,0,,,,,,,
6967,Diao,Como,A,W;A,47.0,True,Serie A,,1084.0,2,1,2.7,0.0,2.0,0.0,0.0,0.0,
4923,Colombo,Genoa,A,Pc,55.0,True,Serie A,6.46,2346.0,7,1,8.3,0.32,11.1,0.05,2.5,0.8,
6229,Tourè E.,Parma,A,Pc,43.0,False,Nessuna / Nuovo 26-27,,,0,0,,,,,,,
5672,Dia,Lazio,A,A,30.0,True,Serie A,6.27,1250.0,1,2,2.2,0.16,1.9,0.03,0.9,1.1,
7313,Ratkov,Lazio,A,Pc,26.0,True,Serie A,,228.0,0,0,0.6,0.0,0.1,0.0,0.0,0.0,
7347,Bowie,Sassuolo,A,Pc,39.0,True,Serie A,,1204.0,4,0,4.2,0.0,3.7,0.0,0.0,0.0,
6646,Adams C.,Torino,A,A,33.0,True,Serie A,6.69,1896.0,6,2,5.7,0.27,7.2,0.1,2.5,0.7,
7554,Romero D.,Parma,A,Pc,37.0,True,Brasileirao,7.18,2794.0,1,3,0.5,0.02,0.6,0.06,0.6,3.2,
6530,Ghedjemis,Frosinone,A,W;A,27.0,False,Nessuna / Nuovo 26-27,,,0,0,,,,,,,
5544,David,Juventus,A,Pc,37.0,True,Brasileirao,6.57,738.0,2,3,1.3,0.16,1.6,0.12,1.8,1.7,
5029,Geubbels,Lecce,A,Pc,23.0,True,Ligue 1,6.48,1012.0,5,0,5.7,0.51,3.7,0.06,2.7,0.8,
2155,Cutrone,Monza,A,Pc,33.0,True,Serie A,,891.0,1,0,2.6,0.0,2.3,0.0,0.0,0.0,
4359,Piccoli,Bologna,A,Pc,37.0,True,Serie A,6.46,1664.0,4,1,6.5,0.35,4.6,0.05,2.5,0.6,
6164,Vitinha O.,Genoa,A,A,16.0,True,Ligue 1,7.55,2121.0,1,7,1.1,0.04,1.2,0.16,1.4,2.1,
6904,Yeboah J.,Venezia,A,A,27.0,False,Nessuna / Nuovo 26-27,,,0,0,,,,,,,
7449,Rrahmani Al.,Venezia,A,Pc,18.0,False,Nessuna / Nuovo 26-27,,,0,0,,,,,,,
7600,Osmajic,Genoa,A,Pc,30.0,True,Championship,6.59,1780.0,8,1,8.3,0.42,7.6,0.04,1.5,0.7,
5436,Raimondo,Frosinone,A,Pc,22.0,False,Nessuna / Nuovo 26-27,,,0,0,,,,,,,
6669,Bonny,Inter,A,Pc,18.0,True,Serie A,6.51,1129.0,5,4,3.8,0.3,4.1,0.15,1.8,1.5,
7252,Stulic,Lecce,A,Pc,12.0,True,Belgian Pro League,,217.0,1,0,0.3,0.0,1.4,0.0,0.0,0.0,
608,Zapata D.,Torino,A,Pc,18.0,True,Serie A,6.43,1097.0,3,1,3.9,0.32,4.0,0.09,2.8,0.4,
5918,Sulemana K.,Atalanta,A,A,10.0,True,Serie A,6.6,1002.0,2,1,2.3,0.21,3.4,0.19,2.2,1.0,
6598,Mutandwa,Cagliari,A,Pc,10.0,False,Nessuna / Nuovo 26-27,,,0,0,,,,,,,
2832,Boga,Juventus,A,W;A,26.0,True,Ligue 1,,645.0,2,2,1.6,0.0,2.1,0.0,0.0,0.0,
6556,Noslin,Lazio,A,A,17.0,True,Serie A,6.62,1138.0,4,2,4.8,0.38,5.3,0.08,2.8,0.8,
7008,Gimenez,Milan,A,Pc,10.0,True,Serie A,,896.0,0,1,3.4,0.0,2.0,0.0,0.0,0.0,
6831,Neres,Napoli,A,W;A,17.0,True,Serie A,,925.0,3,3,1.5,0.0,1.7,0.0,0.0,0.0,
4896,Maldini,Cagliari,A,T;A,21.0,True,Serie A,,952.0,2,1,3.2,0.31,2.9,0.1,2.2,1.8,
6519,Camarda,Milan,A,Pc,20.0,True,Serie A,6.03,679.0,1,0,1.9,0.25,0.9,0.08,2.1,0.4,
5882,Mota,Monza,A,A,18.0,False,Nessuna / Nuovo 26-27,,,0,0,,,,,,,
7523,Varela G.,Monza,A,Pc,7.0,True,Liga Portugal,6.55,1521.0,6,3,7.5,0.44,7.0,0.03,3.0,0.5,
7213,Frigan,Parma,A,A,10.0,True,Belgian Pro League,,175.0,1,0,0.1,0.0,0.5,0.0,0.0,0.0,
4387,Adorante,Venezia,A,Pc,12.0,False,Nessuna / Nuovo 26-27,,,0,0,,,,,,,
2012,Milik,Juventus,A,Pc,13.0,True,Serie A,,34.0,0,0,0.1,0.0,0.4,0.0,0.0,0.0,
7610,Birligea,Frosinone,A,Pc,14.0,False,Nessuna / Nuovo 26-27,,,0,0,,,,,,,
6243,Borrelli,Cagliari,A,Pc,9.0,True,Serie A,6.52,1273.0,5,1,3.2,0.22,5.7,0.03,2.1,1.3,
7374,Mendy P.,Cagliari,A,Pc,14.0,True,Serie A,,330.0,2,0,1.9,0.0,2.2,0.0,0.0,0.0,
313,Morata,Como,A,Pc,7.0,True,Serie A,6.26,923.0,0,1,4.9,0.48,3.2,0.05,2.2,1.5,
6204,Kvernadze,Frosinone,A,W;A,16.0,False,Nessuna / Nuovo 26-27,,,0,0,,,,,,,
7453,Havel,Genoa,A,Pc,9.0,False,Nessuna / Nuovo 26-27,,,0,0,,,,,,,
7162,Giovane,Napoli,A,A,10.0,True,Serie A,6.52,1873.0,3,5,3.7,0.18,4.5,0.09,2.7,1.0,
7120,Lang,Napoli,A,A,12.0,True,Serie A,,662.0,1,2,0.8,0.0,0.9,0.0,0.0,0.0,
6215,Lucca,Napoli,A,Pc,10.0,True,Brasileirao,,170.0,0,0,0.5,0.0,0.0,0.0,0.0,0.0,
7349,Kulenovic,Torino,A,Pc,9.0,True,Serie A,,294.0,0,1,0.7,0.0,0.5,0.0,0.0,0.0,
7272,Gueye,Udinese,A,Pc,7.0,True,Ligue 1,,130.0,0,0,0.1,0.0,0.0,0.0,0.0,0.0,
7546,Robinson J.,Monza,A,A,10.0,True,Championship,,881.0,2,1,3.1,0.31,3.7,0.08,2.9,2.1,
7602,Fatah,Lecce,A,W;A,17.0,False,Nessuna / Nuovo 26-27,,,0,0,,,,,,,
7128,Kuhn,Como,A,W;A,5.0,True,Serie A,,655.0,1,1,1.0,0.14,1.1,0.17,1.1,2.5,
6822,Ekhator,Juventus,A,A,10.0,True,Serie A,6.32,944.0,3,0,2.9,0.28,2.7,0.04,1.9,1.3,
7001,N'Dri,Lecce,A,W;A,15.0,True,Serie A,6.16,522.0,2,0,1.0,0.18,1.2,0.08,3.3,2.2,
7342,Elphege,Parma,A,Pc,11.0,True,Serie A,,306.0,2,1,1.9,0.0,1.9,0.0,0.0,0.0,
7561,Lontani,Parma,A,A,10.0,False,Nessuna / Nuovo 26-27,,,0,0,,,,,,,
7317,Trepy,Cagliari,A,Pc,2.0,True,Serie A,,83.0,1,0,0.6,0.0,0.3,0.0,0.0,0.0,
7027,Azon,Como,A,Pc,1.0,True,Championship,6.49,1792.0,5,4,11.5,0.58,10.3,0.1,3.9,0.4,
6981,Vaz,Roma,A,Pc,4.0,True,Ligue 1,,373.0,4,2,2.3,0.0,1.7,0.0,0.0,0.0,
7161,Bayo V.,Udinese,A,Pc,3.0,True,Serie A,,447.0,0,2,1.4,0.0,0.9,0.0,0.0,0.0,
7408,Lisman,Venezia,A,W;A,1.0,True,Liga Portugal,,1109.0,1,1,0.8,0.0,0.8,0.0,0.0,0.0,
7482,Lauberbach,Venezia,A,Pc,1.0,True,Belgian Pro League,6.89,1872.0,6,1,9.0,0.43,10.9,0.05,2.3,0.6,
7568,De Martis,Parma,A,Pc,1.0,False,Nessuna / Nuovo 26-27,,,0,0,,,,,,,
7629,Diogo Leite,Lazio,D,Dc,16.0,True,Bundesliga,7.08,2720.0,1,1,1.2,0.04,1.1,0.03,0.45,3.8,
2525,Darmian,Bologna,D,Dd;Ds;E,9.0,True,Serie A,6.78,246.0,0,0,0.1,0.04,0.05,0.04,0.37,2.56,
